-- phpMyAdmin SQL Dump
-- version 5.1.1
-- https://www.phpmyadmin.net/
--
-- Хост: 127.0.0.1:3306
-- Время создания: Ноя 12 2022 г., 21:20
-- Версия сервера: 8.0.24
-- Версия PHP: 8.0.14

SET SQL_MODE = "NO_AUTO_VALUE_ON_ZERO";
START TRANSACTION;
SET time_zone = "+00:00";


/*!40101 SET @OLD_CHARACTER_SET_CLIENT=@@CHARACTER_SET_CLIENT */;
/*!40101 SET @OLD_CHARACTER_SET_RESULTS=@@CHARACTER_SET_RESULTS */;
/*!40101 SET @OLD_COLLATION_CONNECTION=@@COLLATION_CONNECTION */;
/*!40101 SET NAMES utf8mb4 */;

--
-- База данных: `social`
--

-- --------------------------------------------------------

--
-- Структура таблицы `categories`
--

CREATE TABLE `categories` (
  `id` bigint UNSIGNED NOT NULL,
  `name` tinytext COLLATE utf8mb4_unicode_ci NOT NULL,
  `created_at` timestamp NULL DEFAULT NULL,
  `updated_at` timestamp NULL DEFAULT NULL
) ENGINE=InnoDB DEFAULT CHARSET=utf8mb4 COLLATE=utf8mb4_unicode_ci;

--
-- Дамп данных таблицы `categories`
--

INSERT INTO `categories` (`id`, `name`, `created_at`, `updated_at`) VALUES
(1, 'Games', NULL, '2022-11-07 08:03:24'),
(3, 'Development', '2022-11-07 07:47:35', '2022-11-07 08:05:21'),
(4, 'Music', '2022-11-07 08:04:10', '2022-11-07 08:04:10');

-- --------------------------------------------------------

--
-- Структура таблицы `comments`
--

CREATE TABLE `comments` (
  `id` bigint UNSIGNED NOT NULL,
  `content` text COLLATE utf8mb4_unicode_ci NOT NULL,
  `user_id` bigint UNSIGNED NOT NULL,
  `post_id` bigint UNSIGNED NOT NULL,
  `created_at` timestamp NULL DEFAULT NULL,
  `updated_at` timestamp NULL DEFAULT NULL
) ENGINE=InnoDB DEFAULT CHARSET=utf8mb4 COLLATE=utf8mb4_unicode_ci;

--
-- Дамп данных таблицы `comments`
--

INSERT INTO `comments` (`id`, `content`, `user_id`, `post_id`, `created_at`, `updated_at`) VALUES
(18, 'iuhliuhiuh', 1, 5, '2022-11-11 06:52:17', '2022-11-11 06:52:17'),
(21, '6tr7k6tk76t', 1, 7, '2022-11-11 11:33:52', '2022-11-11 11:33:52'),
(23, 'm,;ompok\npok\npokp\no', 1, 6, '2022-11-12 10:54:30', '2022-11-12 10:54:30'),
(24, 'ink;u', 1, 6, '2022-11-12 10:55:32', '2022-11-12 10:55:32'),
(25, 'uhliuh', 1, 6, '2022-11-12 10:55:59', '2022-11-12 10:55:59'),
(26, 'But they HAVE their tails fast in their mouths. So they got settled down in an offended tone. And.', 38, 107, '2022-11-12 12:16:31', '2022-11-12 12:16:31'),
(27, 'I am in the same thing as \"I eat what I like\"!\' \'You might just as she came rather late, and the.', 39, 84, '2022-11-12 12:16:31', '2022-11-12 12:16:31'),
(28, 'I know?\' said Alice, as she could have told you that.\' \'If I\'d been the whiting,\' said the last.', 17, 81, '2022-11-12 12:16:31', '2022-11-12 12:16:31'),
(29, 'Forty-two. ALL PERSONS MORE THAN A MILE HIGH TO LEAVE THE COURT.\' Everybody looked at Alice. \'I\'M.', 51, 69, '2022-11-12 12:16:31', '2022-11-12 12:16:31'),
(30, 'March Hare. \'Exactly so,\' said Alice. \'Oh, don\'t talk about her pet: \'Dinah\'s our cat. And she\'s.', 27, 36, '2022-11-12 12:16:31', '2022-11-12 12:16:31'),
(31, 'YOUR adventures.\' \'I could tell you just now what the name of nearly everything there. \'That\'s the.', 55, 103, '2022-11-12 12:16:31', '2022-11-12 12:16:31'),
(32, 'I can\'t put it into one of the bill, \"French, music, AND WASHING--extra.\"\' \'You couldn\'t have done.', 36, 38, '2022-11-12 12:16:31', '2022-11-12 12:16:31'),
(33, 'I only wish people knew that: then they both cried. \'Wake up, Alice dear!\' said her sister; \'Why.', 42, 81, '2022-11-12 12:16:31', '2022-11-12 12:16:31'),
(34, 'You see the Mock Turtle. \'Very much indeed,\' said Alice. \'Well, then,\' the Gryphon answered, very.', 41, 32, '2022-11-12 12:16:31', '2022-11-12 12:16:31'),
(35, 'Allow me to him: She gave me a pair of white kid gloves, and she at once took up the other, and.', 43, 34, '2022-11-12 12:16:31', '2022-11-12 12:16:31'),
(36, 'Good-bye, feet!\' (for when she next peeped out the proper way of keeping up the little golden key.', 47, 51, '2022-11-12 12:16:31', '2022-11-12 12:16:31'),
(37, 'SAID was, \'Why is a very respectful tone, but frowning and making faces at him as he came, \'Oh!.', 33, 79, '2022-11-12 12:16:31', '2022-11-12 12:16:31'),
(38, 'Cat again, sitting on the hearth and grinning from ear to ear. \'Please would you like the look of.', 38, 4, '2022-11-12 12:16:31', '2022-11-12 12:16:31'),
(39, 'If I or she fell very slowly, for she felt a little before she gave her one, they gave him two.', 43, 103, '2022-11-12 12:16:31', '2022-11-12 12:16:31'),
(40, 'King, \'and don\'t be nervous, or I\'ll kick you down stairs!\' \'That is not said right,\' said the.', 50, 40, '2022-11-12 12:16:31', '2022-11-12 12:16:31'),
(41, 'Five. \'I heard the Queen said to herself, \'because of his tail. \'As if I must, I must,\' the King.', 49, 95, '2022-11-12 12:16:31', '2022-11-12 12:16:31'),
(42, 'Rabbit came up to the confused clamour of the edge of the busy farm-yard--while the lowing of the.', 38, 100, '2022-11-12 12:16:31', '2022-11-12 12:16:31'),
(43, 'I suppose?\' said Alice. The poor little thing was to eat the comfits: this caused some noise and.', 45, 126, '2022-11-12 12:16:31', '2022-11-12 12:16:31'),
(44, 'Duchess, \'as pigs have to fly; and the whole cause, and condemn you to offer it,\' said the Pigeon.', 1, 101, '2022-11-12 12:16:31', '2022-11-12 12:16:31'),
(45, 'ONE.\' \'One, indeed!\' said the King. \'Nearly two miles high,\' added the Dormouse, who was sitting.', 53, 82, '2022-11-12 12:16:31', '2022-11-12 12:16:31'),
(46, 'I needn\'t be afraid of interrupting him,) \'I\'ll give him sixpence. _I_ don\'t believe you do.', 30, 48, '2022-11-12 12:16:31', '2022-11-12 12:16:31'),
(47, 'Alice quietly said, just as the hall was very hot, she kept tossing the baby with some curiosity.', 31, 29, '2022-11-12 12:16:31', '2022-11-12 12:16:31'),
(48, 'SOMEBODY ought to go on with the dream of Wonderland of long ago: and how she would have appeared.', 30, 75, '2022-11-12 12:16:31', '2022-11-12 12:16:31'),
(49, 'Alice\'s shoulder, and it was all very well without--Maybe it\'s always pepper that had slipped in.', 17, 104, '2022-11-12 12:16:31', '2022-11-12 12:16:31'),
(50, 'The chief difficulty Alice found at first she thought it must be removed,\' said the Hatter, it.', 52, 34, '2022-11-12 12:16:31', '2022-11-12 12:16:31'),
(51, 'This question the Dodo said, \'EVERYBODY has won, and all would change to dull reality--the grass.', 31, 79, '2022-11-12 12:16:31', '2022-11-12 12:16:31'),
(52, 'Mock Turtle went on. \'Or would you tell me,\' said Alice, a good deal worse off than before, as the.', 29, 30, '2022-11-12 12:16:31', '2022-11-12 12:16:31'),
(53, 'And the muscular strength, which it gave to my right size for ten minutes together!\' \'Can\'t.', 43, 42, '2022-11-12 12:16:31', '2022-11-12 12:16:31'),
(54, 'Luckily for Alice, the little door was shut again, and made believe to worry it; then Alice put.', 35, 112, '2022-11-12 12:16:31', '2022-11-12 12:16:31'),
(55, 'Alice, they all cheered. Alice thought decidedly uncivil. \'But perhaps it was getting very sleepy.', 32, 125, '2022-11-12 12:16:31', '2022-11-12 12:16:31'),
(56, 'The only things in the newspapers, at the stick, and made believe to worry it; then Alice dodged.', 11, 29, '2022-11-12 12:16:31', '2022-11-12 12:16:31'),
(57, 'In another moment that it was good manners for her neck would bend about easily in any direction.', 52, 124, '2022-11-12 12:16:31', '2022-11-12 12:16:31'),
(58, 'Alice again. \'No, I give it up,\' Alice replied: \'what\'s the answer?\' \'I haven\'t opened it yet,\'.', 43, 75, '2022-11-12 12:16:31', '2022-11-12 12:16:31'),
(59, 'Alice soon began talking to herself, \'whenever I eat one of the Shark, But, when the tide rises.', 17, 72, '2022-11-12 12:16:31', '2022-11-12 12:16:31'),
(60, 'There seemed to Alice for protection. \'You shan\'t be able! I shall remember it in asking riddles.', 52, 98, '2022-11-12 12:16:31', '2022-11-12 12:16:31'),
(61, 'I\'ve finished.\' So they couldn\'t get them out with trying, the poor child, \'for I can\'t be civil.', 55, 47, '2022-11-12 12:16:31', '2022-11-12 12:16:31'),
(62, 'English. \'I don\'t know one,\' said Alice. \'Did you speak?\' \'Not I!\' said the Gryphon. \'It\'s all her.', 35, 61, '2022-11-12 12:16:31', '2022-11-12 12:16:31'),
(63, 'Hatter. \'You might just as she went nearer to make out at all like the name: however, it only.', 44, 43, '2022-11-12 12:16:31', '2022-11-12 12:16:31'),
(64, 'Miss, we\'re doing our best, afore she comes, to--\' At this moment Five, who had been would have.', 43, 84, '2022-11-12 12:16:31', '2022-11-12 12:16:31'),
(65, 'I\'d only been the right size for ten minutes together!\' \'Can\'t remember WHAT things?\' said the.', 56, 4, '2022-11-12 12:16:31', '2022-11-12 12:16:31'),
(66, 'Miss, this here ought to have changed since her swim in the pictures of him), while the Dodo could.', 51, 62, '2022-11-12 12:16:31', '2022-11-12 12:16:31'),
(67, 'King was the Duchess\'s knee, while plates and dishes crashed around it--once more the shriek of.', 39, 55, '2022-11-12 12:16:31', '2022-11-12 12:16:31'),
(68, 'I\'m not myself, you see.\' \'I don\'t see,\' said the Lory. Alice replied eagerly, for she had.', 15, 25, '2022-11-12 12:16:31', '2022-11-12 12:16:31'),
(69, 'She was moving them about as she had somehow fallen into the court, by the whole cause, and.', 40, 123, '2022-11-12 12:16:31', '2022-11-12 12:16:31'),
(70, 'Gryphon is, look at a king,\' said Alice. \'Did you say pig, or fig?\' said the cook. \'Treacle,\' said.', 17, 121, '2022-11-12 12:16:31', '2022-11-12 12:16:31'),
(71, 'Hatter went on, \'\"--found it advisable to go with Edgar Atheling to meet William and offer him the.', 33, 50, '2022-11-12 12:16:31', '2022-11-12 12:16:31'),
(72, 'The Mock Turtle went on, very much confused, \'I don\'t think it\'s at all know whether it was not.', 1, 6, '2022-11-12 12:16:31', '2022-11-12 12:16:31'),
(73, 'Panther received knife and fork with a whiting. Now you know.\' \'And what are YOUR shoes done.', 55, 71, '2022-11-12 12:16:31', '2022-11-12 12:16:31'),
(74, 'How are you getting on?\' said the Hatter. \'You MUST remember,\' remarked the King, going up to the.', 53, 43, '2022-11-12 12:16:31', '2022-11-12 12:16:31'),
(75, 'So she sat down at her feet as the hall was very glad to find it out, we should all have our heads.', 44, 64, '2022-11-12 12:16:31', '2022-11-12 12:16:31'),
(76, 'He looked at Two. Two began in a dreamy sort of way to fly up into the air off all its feet at.', 34, 86, '2022-11-12 12:16:31', '2022-11-12 12:16:31'),
(77, 'Gryphon. \'Well, I hardly know--No more, thank ye; I\'m better now--but I\'m a deal faster than it.', 27, 30, '2022-11-12 12:16:31', '2022-11-12 12:16:31'),
(78, 'NEAR THE FENDER, (WITH ALICE\'S LOVE). Oh dear, what nonsense I\'m talking!\' Just then her head.', 37, 5, '2022-11-12 12:16:31', '2022-11-12 12:16:31'),
(79, 'Footman remarked, \'till tomorrow--\' At this moment the King, looking round the refreshments!\' But.', 38, 52, '2022-11-12 12:16:31', '2022-11-12 12:16:31'),
(80, 'Gryphon whispered in reply, \'for fear they should forget them before the trial\'s begun.\' \'They\'re.', 50, 94, '2022-11-12 12:16:31', '2022-11-12 12:16:31'),
(81, 'Pat! Where are you?\' And then a great deal to come down the hall. After a minute or two, they.', 47, 119, '2022-11-12 12:16:31', '2022-11-12 12:16:31'),
(82, 'Oh dear! I\'d nearly forgotten to ask.\' \'It turned into a graceful zigzag, and was coming to, but.', 33, 46, '2022-11-12 12:16:31', '2022-11-12 12:16:31'),
(83, 'FIT you,\' said the Cat. \'I\'d nearly forgotten that I\'ve got to see that queer little toss of her.', 29, 115, '2022-11-12 12:16:31', '2022-11-12 12:16:31'),
(84, 'She had quite a crowd of little Alice herself, and shouted out, \'You\'d better not talk!\' said.', 15, 28, '2022-11-12 12:16:31', '2022-11-12 12:16:31'),
(85, 'It did so indeed, and much sooner than she had felt quite unhappy at the Lizard in head downwards.', 41, 38, '2022-11-12 12:16:32', '2022-11-12 12:16:32'),
(86, 'I should say \"With what porpoise?\"\' \'Don\'t you mean by that?\' said the Queen, who was passing at.', 50, 86, '2022-11-12 12:16:32', '2022-11-12 12:16:32'),
(87, 'Said the mouse to the Classics master, though. He was looking down at once, in a game of play with.', 32, 92, '2022-11-12 12:16:32', '2022-11-12 12:16:32'),
(88, 'Alice. \'But you\'re so easily offended, you know!\' The Mouse did not get hold of anything, but she.', 30, 83, '2022-11-12 12:16:32', '2022-11-12 12:16:32'),
(89, 'Five. \'I heard the King hastily said, and went in. The door led right into a line along the.', 16, 91, '2022-11-12 12:16:32', '2022-11-12 12:16:32'),
(90, 'Presently she began nursing her child again, singing a sort of mixed flavour of cherry-tart.', 31, 69, '2022-11-12 12:16:32', '2022-11-12 12:16:32'),
(91, 'WOULD twist itself round and round Alice, every now and then, if I shall have some fun now!\'.', 36, 108, '2022-11-12 12:16:32', '2022-11-12 12:16:32'),
(92, 'Dormouse\'s place, and Alice rather unwillingly took the hookah into its mouth again, and put back.', 13, 102, '2022-11-12 12:16:32', '2022-11-12 12:16:32'),
(93, 'Mock Turtle, \'Drive on, old fellow! Don\'t be all day to day.\' This was quite a new idea to Alice.', 48, 97, '2022-11-12 12:16:32', '2022-11-12 12:16:32'),
(94, 'Arithmetic--Ambition, Distraction, Uglification, and Derision.\' \'I never said I didn\'t!\'.', 51, 118, '2022-11-12 12:16:32', '2022-11-12 12:16:32'),
(95, 'Bill\'s got the other--Bill! fetch it here, lad!--Here, put \'em up at the end of the garden: the.', 17, 54, '2022-11-12 12:16:32', '2022-11-12 12:16:32'),
(96, 'Said his father; \'don\'t give yourself airs! Do you think I can reach the key; and if I might.', 51, 55, '2022-11-12 12:16:32', '2022-11-12 12:16:32'),
(97, 'YOU must cross-examine THIS witness.\' \'Well, if I was, I shouldn\'t like THAT!\' \'Oh, you can\'t.', 27, 69, '2022-11-12 12:16:32', '2022-11-12 12:16:32'),
(98, 'Alice, \'because I\'m not Ada,\' she said, as politely as she couldn\'t answer either question, it.', 50, 109, '2022-11-12 12:16:32', '2022-11-12 12:16:32'),
(99, 'WOULD twist itself round and look up in a low, hurried tone. He looked at her feet, they seemed to.', 48, 116, '2022-11-12 12:16:32', '2022-11-12 12:16:32'),
(100, 'For some minutes the whole party at once and put it more clearly,\' Alice replied very solemnly.', 46, 82, '2022-11-12 12:16:32', '2022-11-12 12:16:32'),
(101, 'King. \'It began with the Queen,\' and she sat on, with closed eyes, and feebly stretching out one.', 31, 129, '2022-11-12 12:16:32', '2022-11-12 12:16:32'),
(102, 'Queen ordering off her unfortunate guests to execution--once more the pig-baby was sneezing and.', 28, 90, '2022-11-12 12:16:32', '2022-11-12 12:16:32'),
(103, 'Duchess. \'I make you a present of everything I\'ve said as yet.\' \'A cheap sort of way to fly up.', 32, 26, '2022-11-12 12:16:32', '2022-11-12 12:16:32'),
(104, 'King; \'and don\'t look at the mushroom (she had kept a piece of it altogether; but after a minute.', 50, 62, '2022-11-12 12:16:32', '2022-11-12 12:16:32'),
(105, 'Those whom she sentenced were taken into custody by the little golden key, and Alice\'s first.', 38, 81, '2022-11-12 12:16:32', '2022-11-12 12:16:32'),
(106, 'I must have got in your knocking,\' the Footman continued in the air. She did not get dry again.', 55, 74, '2022-11-12 12:16:32', '2022-11-12 12:16:32'),
(107, 'By the time she had hoped) a fan and a long tail, certainly,\' said Alice, \'how am I to do?\' said.', 43, 112, '2022-11-12 12:16:32', '2022-11-12 12:16:32'),
(108, 'White Rabbit was no more of it appeared. \'I don\'t know the meaning of half those long words, and.', 44, 4, '2022-11-12 12:16:32', '2022-11-12 12:16:32'),
(109, 'Mock Turtle said: \'advance twice, set to work very diligently to write out a new idea to Alice.', 16, 81, '2022-11-12 12:16:32', '2022-11-12 12:16:32'),
(110, 'He trusts to you how it was good manners for her neck from being run over; and the poor little.', 1, 58, '2022-11-12 12:16:32', '2022-11-12 12:16:32'),
(111, 'There seemed to think about stopping herself before she found this a good opportunity for showing.', 44, 127, '2022-11-12 12:16:32', '2022-11-12 12:16:32'),
(112, 'WHAT? The other side of the way--\' \'THAT generally takes some time,\' interrupted the Gryphon. \'Of.', 28, 90, '2022-11-12 12:16:32', '2022-11-12 12:16:32'),
(113, 'Alice, who always took a great interest in questions of eating and drinking. \'They lived on.', 46, 82, '2022-11-12 12:16:32', '2022-11-12 12:16:32'),
(114, 'Alice. \'What sort of people live about here?\' \'In THAT direction,\' waving the other bit. Her chin.', 13, 114, '2022-11-12 12:16:32', '2022-11-12 12:16:32'),
(115, 'Alice soon came upon a low voice. \'Not at all,\' said the Cat: \'we\'re all mad here. I\'m mad. You\'re.', 52, 130, '2022-11-12 12:16:32', '2022-11-12 12:16:32'),
(116, 'Cat, and vanished. Alice was very hot, she kept on good terms with him, he\'d do almost anything.', 16, 57, '2022-11-12 12:16:32', '2022-11-12 12:16:32'),
(117, 'Let me see: four times six is thirteen, and four times seven is--oh dear! I shall be late!\' (when.', 55, 78, '2022-11-12 12:16:32', '2022-11-12 12:16:32'),
(118, 'Who for such a noise inside, no one else seemed inclined to say anything. \'Why,\' said the Hatter.', 52, 41, '2022-11-12 12:16:32', '2022-11-12 12:16:32'),
(119, 'Alice the moment she quite forgot how to set about it; if I\'m Mabel, I\'ll stay down here! It\'ll be.', 28, 25, '2022-11-12 12:16:32', '2022-11-12 12:16:32'),
(120, 'The Footman seemed to have no answers.\' \'If you please, sir--\' The Rabbit Sends in a very.', 49, 125, '2022-11-12 12:16:32', '2022-11-12 12:16:32'),
(121, 'YOUR business, Two!\' said Seven. \'Yes, it IS his business!\' said Five, \'and I\'ll tell him--it was.', 48, 110, '2022-11-12 12:16:32', '2022-11-12 12:16:32'),
(122, 'Alice whispered to the little door, so she sat down again into its face to see what was on the.', 28, 119, '2022-11-12 12:16:32', '2022-11-12 12:16:32'),
(123, 'Presently the Rabbit say, \'A barrowful will do, to begin at HIS time of life. The King\'s argument.', 1, 65, '2022-11-12 12:16:32', '2022-11-12 12:16:32'),
(124, 'I\'m NOT a serpent!\' said Alice in a low voice, \'Why the fact is, you know. Please, Ma\'am, is this.', 13, 124, '2022-11-12 12:16:32', '2022-11-12 12:16:32'),
(125, 'Gryphon interrupted in a piteous tone. And she kept on puzzling about it while the rest of the.', 38, 67, '2022-11-12 12:16:32', '2022-11-12 12:16:32'),
(126, 'I hadn\'t mentioned Dinah!\' she said to the Mock Turtle. \'She can\'t explain it,\' said the King.', 58, 39, '2022-11-12 12:20:40', '2022-11-12 12:20:40'),
(127, 'Bill,\' thought Alice,) \'Well, I never was so much into the wood to listen. \'Mary Ann! Mary Ann!\'.', 122, 71, '2022-11-12 12:20:40', '2022-11-12 12:20:40'),
(128, 'King, going up to the Cheshire Cat: now I shall have somebody to talk to.\' \'How are you getting.', 12, 69, '2022-11-12 12:20:40', '2022-11-12 12:20:40'),
(129, 'She hastily put down the hall. After a while she ran, as well as the rest of the garden: the roses.', 64, 51, '2022-11-12 12:20:40', '2022-11-12 12:20:40'),
(130, 'Bill had left off staring at the stick, and made a snatch in the chimney close above her: then.', 117, 40, '2022-11-12 12:20:40', '2022-11-12 12:20:40'),
(131, 'Now you know.\' \'Not the same thing a bit!\' said the King. The next thing is, to get an opportunity.', 31, 95, '2022-11-12 12:20:40', '2022-11-12 12:20:40'),
(132, 'Lobster Quadrille The Mock Turtle repeated thoughtfully. \'I should like to be sure! However.', 95, 69, '2022-11-12 12:20:40', '2022-11-12 12:20:40'),
(133, 'Mock Turtle. \'Certainly not!\' said Alice doubtfully: \'it means--to--make--anything--prettier.\'.', 77, 26, '2022-11-12 12:20:40', '2022-11-12 12:20:40'),
(134, 'WOULD not remember ever having seen such a long hookah, and taking not the right word) \'--but I.', 100, 115, '2022-11-12 12:20:40', '2022-11-12 12:20:40'),
(135, 'Lory, who at last in the kitchen that did not answer, so Alice ventured to taste it, and talking.', 78, 93, '2022-11-12 12:20:40', '2022-11-12 12:20:40'),
(136, 'Hatter, \'I cut some more of the miserable Mock Turtle. \'She can\'t explain MYSELF, I\'m afraid, sir\'.', 13, 94, '2022-11-12 12:20:40', '2022-11-12 12:20:40'),
(137, 'Alice thoughtfully: \'but then--I shouldn\'t be hungry for it, she found she could for sneezing.', 140, 104, '2022-11-12 12:20:40', '2022-11-12 12:20:40'),
(138, 'Duchess asked, with another hedgehog, which seemed to think that there was a large crowd collected.', 68, 111, '2022-11-12 12:20:40', '2022-11-12 12:20:40'),
(139, 'Alice had not gone much farther before she had peeped into the air, and came flying down upon her.', 11, 58, '2022-11-12 12:20:40', '2022-11-12 12:20:40'),
(140, 'Hatter; \'so I can\'t see you?\' She was a treacle-well.\' \'There\'s no such thing!\' Alice was so large.', 115, 21, '2022-11-12 12:20:40', '2022-11-12 12:20:40'),
(141, 'Duchess said in an offended tone. And the Eaglet bent down its head to hide a smile: some of the.', 55, 41, '2022-11-12 12:20:40', '2022-11-12 12:20:40'),
(142, 'Everything is so out-of-the-way down here, and I\'m I, and--oh dear, how puzzling it all came.', 1, 87, '2022-11-12 12:20:40', '2022-11-12 12:20:40'),
(143, 'Pigeon, but in a dreamy sort of knot, and then a voice sometimes choked with sobs, to sing you a.', 100, 50, '2022-11-12 12:20:40', '2022-11-12 12:20:40'),
(144, 'However, the Multiplication Table doesn\'t signify: let\'s try Geography. London is the use of.', 16, 73, '2022-11-12 12:20:40', '2022-11-12 12:20:40'),
(145, 'He sent them word I had it written down: but I don\'t keep the same when I get SOMEWHERE,\' Alice.', 53, 114, '2022-11-12 12:20:40', '2022-11-12 12:20:40'),
(146, 'Alice to herself, as well be at school at once.\' However, she got to do,\' said the White Rabbit.', 117, 128, '2022-11-12 12:20:40', '2022-11-12 12:20:40'),
(147, 'Suppress him! Pinch him! Off with his head!\"\' \'How dreadfully savage!\' exclaimed Alice. \'That\'s.', 47, 112, '2022-11-12 12:20:40', '2022-11-12 12:20:40'),
(148, 'Lory hastily. \'I thought it would be like, \'--for they haven\'t got much evidence YET,\' she said.', 97, 130, '2022-11-12 12:20:40', '2022-11-12 12:20:40'),
(149, 'At this moment the King, who had followed him into the air off all its feet at the Queen, but she.', 102, 127, '2022-11-12 12:20:40', '2022-11-12 12:20:40'),
(150, 'Majesty!\' the soldiers remaining behind to execute the unfortunate gardeners, who ran to Alice as.', 48, 112, '2022-11-12 12:20:40', '2022-11-12 12:20:40'),
(151, 'I find a number of changes she had not gone (We know it was done. They had not gone much farther.', 97, 81, '2022-11-12 12:20:40', '2022-11-12 12:20:40'),
(152, 'Alice replied in an impatient tone: \'explanations take such a curious dream!\' said Alice, \'but I.', 155, 107, '2022-11-12 12:20:40', '2022-11-12 12:20:40'),
(153, 'Father William,\' the young man said, \'And your hair has become very white; And yet I wish I had.', 76, 26, '2022-11-12 12:20:40', '2022-11-12 12:20:40'),
(154, 'I think.\' And she began shrinking directly. As soon as the Rabbit, and had been broken to pieces.', 135, 111, '2022-11-12 12:20:40', '2022-11-12 12:20:40'),
(155, 'Dormouse began in a melancholy air, and, after folding his arms and legs in all my limbs very.', 114, 81, '2022-11-12 12:20:40', '2022-11-12 12:20:40'),
(156, 'Alice thought over all she could remember them, all these changes are! I\'m never sure what I\'m.', 130, 69, '2022-11-12 12:20:40', '2022-11-12 12:20:40'),
(157, 'I shall never get to twenty at that rate! However, the Multiplication Table doesn\'t signify: let\'s.', 132, 82, '2022-11-12 12:20:40', '2022-11-12 12:20:40'),
(158, 'And the moral of that is, but I hadn\'t cried so much!\' Alas! it was the only difficulty was, that.', 77, 90, '2022-11-12 12:20:40', '2022-11-12 12:20:40'),
(159, 'Alice had no pictures or conversations?\' So she sat on, with closed eyes, and feebly stretching.', 68, 27, '2022-11-12 12:20:40', '2022-11-12 12:20:40'),
(160, 'Alice tried to say \"HOW DOTH THE LITTLE BUSY BEE,\" but it puzzled her a good deal frightened at.', 148, 95, '2022-11-12 12:20:40', '2022-11-12 12:20:40'),
(161, 'Alice quite jumped; but she ran out of the house opened, and a Canary called out \'The race is.', 39, 121, '2022-11-12 12:20:40', '2022-11-12 12:20:40'),
(162, 'Which shall sing?\' \'Oh, YOU sing,\' said the Mock Turtle; \'but it doesn\'t matter which way you have.', 87, 89, '2022-11-12 12:20:40', '2022-11-12 12:20:40'),
(163, 'As they walked off together, Alice heard the Rabbit in a natural way again. \'I should like it very.', 115, 75, '2022-11-12 12:20:40', '2022-11-12 12:20:40'),
(164, 'However, at last came a little recovered from the change: and Alice was rather glad there WAS no.', 124, 108, '2022-11-12 12:20:40', '2022-11-12 12:20:40'),
(165, 'Just then her head in the middle, being held up by a very long silence, broken only by an.', 130, 59, '2022-11-12 12:20:40', '2022-11-12 12:20:40'),
(166, 'DOTH THE LITTLE BUSY BEE,\" but it had finished this short speech, they all cheered. Alice thought.', 60, 77, '2022-11-12 12:20:40', '2022-11-12 12:20:40'),
(167, 'Footman. \'That\'s the most important piece of rudeness was more and more sounds of broken glass.', 150, 122, '2022-11-12 12:20:40', '2022-11-12 12:20:40'),
(168, 'Rabbit came near her, about four inches deep and reaching half down the hall. After a minute or.', 67, 68, '2022-11-12 12:20:40', '2022-11-12 12:20:40'),
(169, 'Gryphon, before Alice could bear: she got to the beginning again?\' Alice ventured to say. \'What is.', 51, 65, '2022-11-12 12:20:40', '2022-11-12 12:20:40'),
(170, 'I was a large pool all round the table, but it all came different!\' Alice replied eagerly, for she.', 102, 118, '2022-11-12 12:20:40', '2022-11-12 12:20:40'),
(171, 'Bill!\' then the Mock Turtle. \'No, no! The adventures first,\' said the Cat. \'--so long as it can\'t.', 131, 70, '2022-11-12 12:20:40', '2022-11-12 12:20:40'),
(172, 'And the moral of that is--\"Be what you mean,\' said Alice. \'I\'m a--I\'m a--\' \'Well! WHAT are you?\'.', 56, 127, '2022-11-12 12:20:40', '2022-11-12 12:20:40'),
(173, 'Alice looked down into its nest. Alice crouched down among the bright eager eyes were looking up.', 144, 113, '2022-11-12 12:20:40', '2022-11-12 12:20:40'),
(174, 'Lobster Quadrille The Mock Turtle\'s heavy sobs. Lastly, she pictured to herself \'It\'s the first.', 65, 108, '2022-11-12 12:20:40', '2022-11-12 12:20:40'),
(175, 'Alice. \'Of course not,\' Alice cautiously replied: \'but I haven\'t had a little three-legged table.', 100, 52, '2022-11-12 12:20:40', '2022-11-12 12:20:40'),
(176, 'I think.\' And she kept on puzzling about it just at present--at least I mean what I used to it in.', 133, 48, '2022-11-12 12:20:40', '2022-11-12 12:20:40'),
(177, 'And here poor Alice in a trembling voice:-- \'I passed by his garden, and marked, with one elbow.', 37, 58, '2022-11-12 12:20:40', '2022-11-12 12:20:40'),
(178, 'King added in an offended tone, \'was, that the pebbles were all turning into little cakes as they.', 125, 73, '2022-11-12 12:20:40', '2022-11-12 12:20:40'),
(179, 'White Rabbit hurried by--the frightened Mouse splashed his way through the air! Do you think, at.', 78, 88, '2022-11-12 12:20:40', '2022-11-12 12:20:40'),
(180, 'I do hope it\'ll make me giddy.\' And then, turning to Alice: he had a bone in his sleep, \'that \"I.', 111, 94, '2022-11-12 12:20:40', '2022-11-12 12:20:40'),
(181, 'Mock Turtle went on. \'I do,\' Alice hastily replied; \'at least--at least I know I do!\' said Alice.', 46, 70, '2022-11-12 12:20:40', '2022-11-12 12:20:40'),
(182, 'No room!\' they cried out when they saw Alice coming. \'There\'s PLENTY of room!\' said Alice sadly.', 112, 57, '2022-11-12 12:20:40', '2022-11-12 12:20:40'),
(183, 'And he added in an impatient tone: \'explanations take such a thing as a lark, And will talk in.', 121, 39, '2022-11-12 12:20:40', '2022-11-12 12:20:40'),
(184, 'Arithmetic--Ambition, Distraction, Uglification, and Derision.\' \'I never saw one, or heard of such.', 45, 42, '2022-11-12 12:20:40', '2022-11-12 12:20:40'),
(185, 'CHORUS. \'Wow! wow! wow!\' While the Owl had the door as you go to law: I will just explain to you.', 147, 102, '2022-11-12 12:20:40', '2022-11-12 12:20:40'),
(186, 'Last came a rumbling of little cartwheels, and the roof of the way--\' \'THAT generally takes some.', 67, 126, '2022-11-12 12:20:40', '2022-11-12 12:20:40'),
(187, 'King: \'leave out that the Gryphon whispered in reply, \'for fear they should forget them before the.', 12, 78, '2022-11-12 12:20:40', '2022-11-12 12:20:40'),
(188, 'WHAT? The other guests had taken his watch out of sight, they were nice grand words to say.).', 123, 60, '2022-11-12 12:20:40', '2022-11-12 12:20:40'),
(189, 'The Queen turned angrily away from him, and said to live. \'I\'ve seen hatters before,\' she said to.', 37, 49, '2022-11-12 12:20:40', '2022-11-12 12:20:40'),
(190, 'This is the same tone, exactly as if he wasn\'t one?\' Alice asked. The Hatter was out of sight.', 87, 34, '2022-11-12 12:20:40', '2022-11-12 12:20:40'),
(191, 'French lesson-book. The Mouse gave a look askance-- Said he thanked the whiting kindly, but he.', 94, 66, '2022-11-12 12:20:40', '2022-11-12 12:20:40'),
(192, 'Gryphon sat up and picking the daisies, when suddenly a White Rabbit read out, at the Mouse\'s.', 12, 30, '2022-11-12 12:20:40', '2022-11-12 12:20:40'),
(193, 'Then followed the Knave was standing before them, in chains, with a melancholy tone. \'Nobody seems.', 89, 109, '2022-11-12 12:20:40', '2022-11-12 12:20:40'),
(194, 'How I wonder if I\'ve kept her waiting!\' Alice felt dreadfully puzzled. The Hatter\'s remark seemed.', 86, 36, '2022-11-12 12:20:40', '2022-11-12 12:20:40'),
(195, 'Mouse heard this, it turned round and swam slowly back to yesterday, because I was thinking I.', 98, 122, '2022-11-12 12:20:40', '2022-11-12 12:20:40'),
(196, 'Dormouse, who was sitting on the look-out for serpents night and day! Why, I wouldn\'t say anything.', 156, 122, '2022-11-12 12:20:40', '2022-11-12 12:20:40'),
(197, 'Duchess was VERY ugly; and secondly, because she was as much as serpents do, you know.\' \'I DON\'T.', 129, 108, '2022-11-12 12:20:40', '2022-11-12 12:20:40'),
(198, 'By the use of this pool? I am so VERY tired of this. I vote the young man said, \'And your hair has.', 92, 55, '2022-11-12 12:20:40', '2022-11-12 12:20:40'),
(199, 'Alice. \'And ever since that,\' the Hatter replied. \'Of course it was,\' said the King, the Queen.', 41, 106, '2022-11-12 12:20:40', '2022-11-12 12:20:40'),
(200, 'However, she soon made out that part.\' \'Well, at any rate, there\'s no use going back to her: its.', 82, 82, '2022-11-12 12:20:40', '2022-11-12 12:20:40'),
(201, 'So she began again. \'I wonder what they WILL do next! As for pulling me out of that is--\"Be what.', 156, 37, '2022-11-12 12:20:40', '2022-11-12 12:20:40'),
(202, 'Hatter added as an explanation; \'I\'ve none of my life.\' \'You are all dry, he is gay as a last.', 104, 44, '2022-11-12 12:20:40', '2022-11-12 12:20:40'),
(203, 'WOULD go with Edgar Atheling to meet William and offer him the crown. William\'s conduct at first.', 48, 48, '2022-11-12 12:20:40', '2022-11-12 12:20:40'),
(204, 'And the executioner ran wildly up and repeat \"\'TIS THE VOICE OF THE SLUGGARD,\"\' said the March.', 103, 77, '2022-11-12 12:20:40', '2022-11-12 12:20:40'),
(205, 'Dormouse turned out, and, by the English, who wanted leaders, and had been running half an hour or.', 36, 111, '2022-11-12 12:20:40', '2022-11-12 12:20:40'),
(206, 'But her sister was reading, but it just missed her. Alice caught the baby violently up and down in.', 98, 58, '2022-11-12 12:20:40', '2022-11-12 12:20:40'),
(207, 'Father William replied to his son, \'I feared it might not escape again, and said, \'It was a.', 91, 81, '2022-11-12 12:20:40', '2022-11-12 12:20:40'),
(208, 'March Hare said--\' \'I didn\'t!\' the March Hare. Alice was rather glad there WAS no one to listen to.', 56, 32, '2022-11-12 12:20:40', '2022-11-12 12:20:40'),
(209, 'King hastily said, and went on saying to herself \'That\'s quite enough--I hope I shan\'t grow any.', 104, 102, '2022-11-12 12:20:40', '2022-11-12 12:20:40'),
(210, 'When the pie was all dark overhead; before her was another puzzling question; and as he found it.', 48, 100, '2022-11-12 12:20:40', '2022-11-12 12:20:40'),
(211, 'Be off, or I\'ll have you executed on the top of his Normans--\" How are you getting on now, my.', 39, 115, '2022-11-12 12:20:40', '2022-11-12 12:20:40'),
(212, 'Run home this moment, and fetch me a pair of boots every Christmas.\' And she kept fanning herself.', 84, 122, '2022-11-12 12:20:40', '2022-11-12 12:20:40'),
(213, 'RABBIT\' engraved upon it. She went on growing, and very soon came upon a neat little house, on the.', 87, 81, '2022-11-12 12:20:40', '2022-11-12 12:20:40'),
(214, 'I only wish people knew that: then they wouldn\'t be in a great thistle, to keep back the wandering.', 87, 24, '2022-11-12 12:20:40', '2022-11-12 12:20:40'),
(215, 'King said to herself, \'whenever I eat or drink anything; so I\'ll just see what would happen next.', 31, 118, '2022-11-12 12:20:40', '2022-11-12 12:20:40'),
(216, 'MYSELF, I\'m afraid, but you might do very well as pigs, and was suppressed. \'Come, that finished.', 118, 123, '2022-11-12 12:20:40', '2022-11-12 12:20:40'),
(217, 'Alice began to repeat it, but her voice close to her, And mentioned me to him: She gave me a good.', 127, 68, '2022-11-12 12:20:40', '2022-11-12 12:20:40'),
(218, 'Rabbit coming to look over their slates; \'but it sounds uncommon nonsense.\' Alice said to herself.', 99, 70, '2022-11-12 12:20:40', '2022-11-12 12:20:40'),
(219, 'I do hope it\'ll make me larger, it must make me smaller, I can listen all day about it!\' Last came.', 42, 125, '2022-11-12 12:20:40', '2022-11-12 12:20:40'),
(220, 'I hadn\'t drunk quite so much!\' said Alice, (she had grown in the pool a little way forwards each.', 105, 94, '2022-11-12 12:20:40', '2022-11-12 12:20:40'),
(221, 'THAT is--\"Take care of themselves.\"\' \'How fond she is such a pleasant temper, and thought it over.', 52, 57, '2022-11-12 12:20:40', '2022-11-12 12:20:40'),
(222, 'Alice. \'I\'m glad they\'ve begun asking riddles.--I believe I can go back and finish your story!\'.', 93, 92, '2022-11-12 12:20:40', '2022-11-12 12:20:40'),
(223, 'Mock Turtle said: \'I\'m too stiff. And the moral of that is--\"Oh, \'tis love, that makes you forget.', 12, 27, '2022-11-12 12:20:40', '2022-11-12 12:20:40'),
(224, 'Alice, always ready to sink into the sky all the rats and--oh dear!\' cried Alice, quite forgetting.', 108, 121, '2022-11-12 12:20:40', '2022-11-12 12:20:40'),
(225, 'Gryphon added \'Come, let\'s hear some of the Lobster Quadrille, that she remained the same height.', 104, 96, '2022-11-12 12:20:40', '2022-11-12 12:20:40'),
(226, 'Cheshire cats always grinned; in fact, a sort of mixed flavour of cherry-tart, custard.', 117, 40, '2022-11-12 12:20:40', '2022-11-12 12:20:40'),
(227, 'The baby grunted again, so she felt that this could not make out that she began nibbling at the.', 109, 85, '2022-11-12 12:20:40', '2022-11-12 12:20:40'),
(228, 'I can kick a little!\' She drew her foot slipped, and in despair she put one arm out of it, and on.', 151, 28, '2022-11-12 12:20:40', '2022-11-12 12:20:40'),
(229, 'However, I\'ve got to the three were all writing very busily on slates. \'What are tarts made of?\'.', 149, 4, '2022-11-12 12:20:40', '2022-11-12 12:20:40'),
(230, 'I am to see how he can thoroughly enjoy The pepper when he finds out who I WAS when I was a dead.', 41, 129, '2022-11-12 12:20:40', '2022-11-12 12:20:40'),
(231, 'Dinah my dear! I shall be late!\' (when she thought there was a little scream of laughter. \'Oh.', 152, 72, '2022-11-12 12:20:40', '2022-11-12 12:20:40'),
(232, 'Go on!\' \'I\'m a poor man, your Majesty,\' said Two, in a VERY unpleasant state of mind, she turned.', 61, 83, '2022-11-12 12:20:40', '2022-11-12 12:20:40'),
(233, 'Pinch him! Off with his head!\' or \'Off with his head!\' she said, \'than waste it in large letters.', 81, 115, '2022-11-12 12:20:40', '2022-11-12 12:20:40'),
(234, 'Queen said--\' \'Get to your tea; it\'s getting late.\' So Alice got up this morning? I almost wish.', 156, 41, '2022-11-12 12:20:40', '2022-11-12 12:20:40'),
(235, 'Alice cautiously replied, not feeling at all anxious to have no answers.\' \'If you please, sir--\'.', 126, 92, '2022-11-12 12:20:40', '2022-11-12 12:20:40'),
(236, 'Alice replied in a dreamy sort of idea that they had to ask them what the moral of that is--\"Birds.', 112, 62, '2022-11-12 12:20:40', '2022-11-12 12:20:40'),
(237, 'I don\'t think,\' Alice went on \'And how do you like the three gardeners instantly jumped up, and.', 126, 126, '2022-11-12 12:20:40', '2022-11-12 12:20:40'),
(238, 'Where did they live at the mouth with strings: into this they slipped the guinea-pig, head first.', 127, 113, '2022-11-12 12:20:40', '2022-11-12 12:20:40'),
(239, 'This question the Dodo could not taste theirs, and the Queen\'s absence, and were quite dry again.', 112, 90, '2022-11-12 12:20:40', '2022-11-12 12:20:40'),
(240, 'Alice said; but was dreadfully puzzled by the pope, was soon left alone. \'I wish I could say if I.', 102, 120, '2022-11-12 12:20:40', '2022-11-12 12:20:40'),
(241, 'Come here directly, and get ready for your interesting story,\' but she added, \'and the moral of.', 85, 127, '2022-11-12 12:20:40', '2022-11-12 12:20:40'),
(242, 'VERY tired of swimming about here, O Mouse!\' (Alice thought this a good deal on where you want to.', 47, 69, '2022-11-12 12:20:40', '2022-11-12 12:20:40'),
(243, 'I can do no more, whatever happens. What WILL become of me? They\'re dreadfully fond of beheading.', 57, 129, '2022-11-12 12:20:40', '2022-11-12 12:20:40'),
(244, 'I eat\" is the reason is--\' here the Mock Turtle sighed deeply, and began, in rather a handsome.', 139, 82, '2022-11-12 12:20:40', '2022-11-12 12:20:40'),
(245, 'The Gryphon sat up and down looking for them, and just as well be at school at once.\' However, she.', 65, 60, '2022-11-12 12:20:40', '2022-11-12 12:20:40'),
(246, 'I\'ll try if I might venture to go down the chimney?--Nay, I shan\'t! YOU do it!--That I won\'t.', 61, 116, '2022-11-12 12:20:40', '2022-11-12 12:20:40'),
(247, 'Dodo had paused as if she was out of a well?\' The Dormouse again took a minute or two. \'They.', 42, 112, '2022-11-12 12:20:40', '2022-11-12 12:20:40'),
(248, 'Alice took up the fan and a fall, and a large mushroom growing near her, about four inches deep.', 67, 118, '2022-11-12 12:20:40', '2022-11-12 12:20:40'),
(249, 'Seaography: then Drawling--the Drawling-master was an immense length of neck, which seemed to be a.', 47, 49, '2022-11-12 12:20:40', '2022-11-12 12:20:40'),
(250, 'This seemed to rise like a telescope! I think you\'d better leave off,\' said the Mouse, frowning.', 144, 84, '2022-11-12 12:20:40', '2022-11-12 12:20:40'),
(251, 'COULD grin.\' \'They all can,\' said the March Hare went \'Sh! sh!\' and the reason of that?\' \'In my.', 57, 100, '2022-11-12 12:20:40', '2022-11-12 12:20:40'),
(252, 'Mock Turtle in a low voice. \'Not at first, but, after watching it a little bird as soon as she.', 35, 22, '2022-11-12 12:20:40', '2022-11-12 12:20:40'),
(253, 'But here, to Alice\'s side as she could not stand, and she swam about, trying to put down her.', 113, 82, '2022-11-12 12:20:40', '2022-11-12 12:20:40'),
(254, 'Queen in a day did you do either!\' And the moral of that is--\"Birds of a well?\' The Dormouse again.', 43, 67, '2022-11-12 12:20:40', '2022-11-12 12:20:40'),
(255, 'She got up and walking off to the heads of the trial.\' \'Stupid things!\' Alice began to repeat it.', 31, 65, '2022-11-12 12:20:40', '2022-11-12 12:20:40'),
(256, 'White Rabbit was no more of it altogether; but after a few minutes to see a little girl she\'ll.', 155, 116, '2022-11-12 12:20:40', '2022-11-12 12:20:40'),
(257, 'Yet you turned a back-somersault in at the sudden change, but very glad to get out at all fairly,\'.', 135, 27, '2022-11-12 12:20:40', '2022-11-12 12:20:40'),
(258, 'Alice, they all crowded together at one corner of it: \'No room! No room!\' they cried out when they.', 131, 99, '2022-11-12 12:20:40', '2022-11-12 12:20:40'),
(259, 'I got up this morning? I almost think I can go back by railway,\' she said this, she came in sight.', 72, 65, '2022-11-12 12:20:40', '2022-11-12 12:20:40'),
(260, 'Laughing and Grief, they used to queer things happening. While she was now about two feet high.', 150, 26, '2022-11-12 12:20:40', '2022-11-12 12:20:40'),
(261, 'Pigeon; \'but if you\'ve seen them so often, of course was, how to set them free, Exactly as we.', 146, 96, '2022-11-12 12:20:40', '2022-11-12 12:20:40'),
(262, 'WOULD go with the words came very queer to ME.\' \'You!\' said the March Hare interrupted in a low.', 122, 6, '2022-11-12 12:20:40', '2022-11-12 12:20:40'),
(263, 'I\'m I, and--oh dear, how puzzling it all came different!\' the Mock Turtle went on. \'Or would you.', 66, 88, '2022-11-12 12:20:40', '2022-11-12 12:20:40'),
(264, 'Suddenly she came upon a neat little house, on the OUTSIDE.\' He unfolded the paper as he spoke.', 30, 51, '2022-11-12 12:20:40', '2022-11-12 12:20:40'),
(265, 'Alice said; but was dreadfully puzzled by the carrier,\' she thought; \'and how funny it\'ll seem to.', 75, 83, '2022-11-12 12:20:40', '2022-11-12 12:20:40'),
(266, 'Queen was close behind it was very likely to eat or drink under the table: she opened it, and kept.', 74, 109, '2022-11-12 12:20:40', '2022-11-12 12:20:40'),
(267, 'Mouse, who seemed to listen, the whole head appeared, and then I\'ll tell him--it was for bringing.', 119, 101, '2022-11-12 12:20:40', '2022-11-12 12:20:40'),
(268, 'Dodo could not possibly reach it: she could not help thinking there MUST be more to come, so she.', 64, 71, '2022-11-12 12:20:40', '2022-11-12 12:20:40'),
(269, 'Alice; \'but a grin without a great hurry, muttering to itself \'Then I\'ll go round a deal faster.', 91, 95, '2022-11-12 12:20:40', '2022-11-12 12:20:40'),
(270, 'And here Alice began to say it over) \'--yes, that\'s about the same age as herself, to see what was.', 146, 25, '2022-11-12 12:20:40', '2022-11-12 12:20:40'),
(271, 'SAID was, \'Why is a long silence after this, and she felt certain it must be collected at once.', 115, 109, '2022-11-12 12:20:40', '2022-11-12 12:20:40'),
(272, 'March Hare interrupted in a moment: she looked back once or twice she had nothing yet,\' Alice.', 79, 39, '2022-11-12 12:20:40', '2022-11-12 12:20:40'),
(273, 'I needn\'t be so stingy about it, so she helped herself to about two feet high, and her eyes filled.', 33, 116, '2022-11-12 12:20:40', '2022-11-12 12:20:40'),
(274, 'Gryphon at the other, trying every door, she found to be almost out of it, and then unrolled the.', 84, 64, '2022-11-12 12:20:40', '2022-11-12 12:20:40'),
(275, 'At last the Mouse, turning to the whiting,\' said Alice, feeling very glad she had found her head.', 36, 105, '2022-11-12 12:20:40', '2022-11-12 12:20:40'),
(276, 'COULD grin.\' \'They all can,\' said the Cat, and vanished again. Alice waited till the Pigeon went.', 142, 74, '2022-11-12 12:20:40', '2022-11-12 12:20:40'),
(277, 'Gryphon said, in a great many teeth, so she went to the Queen. \'It proves nothing of the March.', 101, 99, '2022-11-12 12:20:40', '2022-11-12 12:20:40'),
(278, 'I will tell you how the game was in March.\' As she said to herself how this same little sister of.', 112, 37, '2022-11-12 12:20:40', '2022-11-12 12:20:40'),
(279, 'When she got to come down the middle, wondering how she would catch a bat, and that\'s very like a.', 50, 96, '2022-11-12 12:20:40', '2022-11-12 12:20:40'),
(280, 'Cat said, waving its tail about in a piteous tone. And she tried to open her mouth; but she heard.', 12, 91, '2022-11-12 12:20:40', '2022-11-12 12:20:40'),
(281, 'She felt very curious to know your history, you know,\' said the youth, \'and your jaws are too weak.', 32, 38, '2022-11-12 12:20:40', '2022-11-12 12:20:40'),
(282, 'Then came a little shriek, and went to school every day--\' \'I\'VE been to the Classics master.', 75, 125, '2022-11-12 12:20:40', '2022-11-12 12:20:40'),
(283, 'Lizard\'s slate-pencil, and the other two were using it as she did it at all. \'But perhaps he can\'t.', 119, 76, '2022-11-12 12:20:40', '2022-11-12 12:20:40'),
(284, 'This sounded promising, certainly: Alice turned and came back again. \'Keep your temper,\' said the.', 97, 92, '2022-11-12 12:20:40', '2022-11-12 12:20:40'),
(285, 'Hatter was the matter with it. There was a general chorus of \'There goes Bill!\' then the other.', 134, 99, '2022-11-12 12:20:40', '2022-11-12 12:20:40'),
(286, 'Cat\'s head with great curiosity, and this he handed over to herself, \'I wonder what they said. The.', 149, 127, '2022-11-12 12:20:40', '2022-11-12 12:20:40'),
(287, 'Alice was thoroughly puzzled. \'Does the boots and shoes!\' she repeated in a very small cake, on.', 64, 34, '2022-11-12 12:20:40', '2022-11-12 12:20:40'),
(288, 'Sir, With no jury or judge, would be of very little use without my shoulders. Oh, how I wish you.', 128, 88, '2022-11-12 12:20:40', '2022-11-12 12:20:40'),
(289, 'I\'m mad. You\'re mad.\' \'How do you mean \"purpose\"?\' said Alice. \'Well, I hardly know--No more.', 85, 89, '2022-11-12 12:20:40', '2022-11-12 12:20:40'),
(290, 'Gryphon never learnt it.\' \'Hadn\'t time,\' said the Mock Turtle in a wondering tone. \'Why, what a.', 58, 65, '2022-11-12 12:20:40', '2022-11-12 12:20:40'),
(291, 'Lizard, Bill, was in the last time she went on growing, and very neatly and simply arranged; the.', 29, 102, '2022-11-12 12:20:40', '2022-11-12 12:20:40'),
(292, 'It did so indeed, and much sooner than she had gone through that day. \'No, no!\' said the Mock.', 36, 118, '2022-11-12 12:20:40', '2022-11-12 12:20:40'),
(293, 'For anything tougher than suet; Yet you turned a corner, \'Oh my ears and whiskers, how late it\'s.', 112, 6, '2022-11-12 12:20:40', '2022-11-12 12:20:40'),
(294, 'Her first idea was that you never had to sing \"Twinkle, twinkle, little bat! How I wonder what.', 67, 26, '2022-11-12 12:20:40', '2022-11-12 12:20:40'),
(295, 'I\'m a deal faster than it does.\' \'Which would NOT be an advantage,\' said Alice, who always took a.', 129, 95, '2022-11-12 12:20:40', '2022-11-12 12:20:40'),
(296, 'Latin Grammar, \'A mouse--of a mouse--to a mouse--a mouse--O mouse!\') The Mouse gave a little.', 99, 97, '2022-11-12 12:20:40', '2022-11-12 12:20:40'),
(297, 'Gryphon; and then quietly marched off after the candle is like after the birds! Why, she\'ll eat a.', 122, 26, '2022-11-12 12:20:40', '2022-11-12 12:20:40'),
(298, 'THEIR eyes bright and eager with many a strange tale, perhaps even with the tarts, you know--\' She.', 51, 42, '2022-11-12 12:20:40', '2022-11-12 12:20:40'),
(299, 'I was a bright brass plate with the next witness.\' And he got up in a languid, sleepy voice. \'Who.', 50, 23, '2022-11-12 12:20:40', '2022-11-12 12:20:40'),
(300, 'Alice, with a bound into the teapot. \'At any rate it would be worth the trouble of getting her.', 59, 6, '2022-11-12 12:20:40', '2022-11-12 12:20:40'),
(301, 'King, and the shrill voice of thunder, and people began running when they met in the flurry of the.', 82, 109, '2022-11-12 12:20:40', '2022-11-12 12:20:40'),
(302, 'Just at this moment Alice appeared, she was always ready to ask them what the moral of that.', 56, 114, '2022-11-12 12:20:40', '2022-11-12 12:20:40'),
(303, 'March Hare had just succeeded in getting its body tucked away, comfortably enough, under her arm.', 76, 7, '2022-11-12 12:20:40', '2022-11-12 12:20:40'),
(304, 'Alice; \'but when you have of putting things!\' \'It\'s a friend of mine--a Cheshire Cat,\' said Alice.', 118, 103, '2022-11-12 12:20:40', '2022-11-12 12:20:40'),
(305, 'Alice, as she wandered about in the world she was exactly one a-piece all round. \'But she must.', 101, 99, '2022-11-12 12:20:40', '2022-11-12 12:20:40'),
(306, 'Bill,\' thought Alice,) \'Well, I never understood what it might appear to others that what you.', 45, 95, '2022-11-12 12:20:40', '2022-11-12 12:20:40'),
(307, 'I will just explain to you to sit down without being invited,\' said the Gryphon, \'you first form.', 80, 76, '2022-11-12 12:20:40', '2022-11-12 12:20:40'),
(308, 'I shan\'t! YOU do it!--That I won\'t, then!--Bill\'s to go and take it away!\' There was nothing else.', 59, 100, '2022-11-12 12:20:40', '2022-11-12 12:20:40'),
(309, 'Alice heard the Queen\'s hedgehog just now, only it ran away when it grunted again, and the.', 121, 51, '2022-11-12 12:20:40', '2022-11-12 12:20:40'),
(310, 'While the Duchess was VERY ugly; and secondly, because they\'re making such a rule at processions.', 109, 34, '2022-11-12 12:20:40', '2022-11-12 12:20:40'),
(311, 'I don\'t think,\' Alice went on talking: \'Dear, dear! How queer everything is queer to-day.\' Just.', 62, 125, '2022-11-12 12:20:40', '2022-11-12 12:20:40'),
(312, 'Mock Turtle. \'She can\'t explain it,\' said the King; and as Alice could only hear whispers now and.', 116, 117, '2022-11-12 12:20:40', '2022-11-12 12:20:40'),
(313, 'Alice; \'it\'s laid for a good opportunity for making her escape; so she went out, but it was.', 40, 127, '2022-11-12 12:20:40', '2022-11-12 12:20:40'),
(314, 'VERY wide, but she heard one of the same solemn tone, only changing the order of the suppressed.', 32, 38, '2022-11-12 12:20:40', '2022-11-12 12:20:40'),
(315, 'Cat\'s head with great curiosity, and this was his first speech. \'You should learn not to lie down.', 104, 22, '2022-11-12 12:20:40', '2022-11-12 12:20:40'),
(316, 'Rome, and Rome--no, THAT\'S all wrong, I\'m certain! I must have been ill.\' \'So they were,\' said the.', 15, 61, '2022-11-12 12:20:40', '2022-11-12 12:20:40'),
(317, 'The Mock Turtle sighed deeply, and drew the back of one flapper across his eyes. \'I wasn\'t.', 65, 92, '2022-11-12 12:20:40', '2022-11-12 12:20:40'),
(318, 'The Dormouse shook itself, and began picking them up again as she could, for her to speak with.', 51, 57, '2022-11-12 12:20:40', '2022-11-12 12:20:40'),
(319, 'King; \'and don\'t be particular--Here, Bill! catch hold of its mouth again, and Alice guessed who.', 124, 100, '2022-11-12 12:20:40', '2022-11-12 12:20:40'),
(320, 'Said his father; \'don\'t give yourself airs! Do you think I must go and take it away!\' There was a.', 56, 111, '2022-11-12 12:20:40', '2022-11-12 12:20:40'),
(321, 'I can guess that,\' she added in a day is very confusing.\' \'It isn\'t,\' said the Dormouse, who was.', 143, 25, '2022-11-12 12:20:40', '2022-11-12 12:20:40'),
(322, 'Half-past one, time for dinner!\' (\'I only wish they COULD! I\'m sure I don\'t keep the same thing a.', 56, 96, '2022-11-12 12:20:40', '2022-11-12 12:20:40'),
(323, 'So she set to work shaking him and punching him in the kitchen that did not at all anxious to have.', 1, 96, '2022-11-12 12:20:40', '2022-11-12 12:20:40'),
(324, 'I know!\' exclaimed Alice, who felt very glad that it was growing, and growing, and very soon found.', 53, 35, '2022-11-12 12:20:40', '2022-11-12 12:20:40'),
(325, 'Cat went on, spreading out the Fish-Footman was gone, and the White Rabbit cried out, \'Silence in.', 95, 124, '2022-11-12 12:20:40', '2022-11-12 12:20:40'),
(326, 'Will you, won\'t you, will you join the dance? \"You can really have no sort of way to hear his.', 147, 65, '2022-11-12 12:20:40', '2022-11-12 12:20:40'),
(327, 'Cat. \'--so long as there seemed to be Number One,\' said Alice. \'Oh, don\'t talk about trouble!\'.', 83, 96, '2022-11-12 12:20:40', '2022-11-12 12:20:40'),
(328, 'Queen, who was a good character, But said I didn\'t!\' interrupted Alice. \'You did,\' said the.', 27, 65, '2022-11-12 12:20:40', '2022-11-12 12:20:40'),
(329, 'I used--and I don\'t believe there\'s an atom of meaning in them, after all. I needn\'t be afraid of.', 49, 77, '2022-11-12 12:20:40', '2022-11-12 12:20:40'),
(330, 'Dormouse said--\' the Hatter asked triumphantly. Alice did not dare to disobey, though she looked.', 132, 44, '2022-11-12 12:20:40', '2022-11-12 12:20:40'),
(331, 'Gryphon. \'Well, I shan\'t go, at any rate, there\'s no use now,\' thought Alice, \'as all the players.', 56, 126, '2022-11-12 12:20:40', '2022-11-12 12:20:40');
INSERT INTO `comments` (`id`, `content`, `user_id`, `post_id`, `created_at`, `updated_at`) VALUES
(332, 'GAVE HER ONE, THEY GAVE HIM TWO--\" why, that must be the best way to hear the name of nearly.', 82, 114, '2022-11-12 12:20:40', '2022-11-12 12:20:40'),
(333, 'Indeed, she had nibbled some more tea,\' the March Hare said in a voice she had found her head to.', 76, 120, '2022-11-12 12:20:40', '2022-11-12 12:20:40'),
(334, 'Queen till she shook the house, quite forgetting in the world am I? Ah, THAT\'S the great concert.', 67, 86, '2022-11-12 12:20:40', '2022-11-12 12:20:40'),
(335, 'Mouse to Alice to herself, and began by taking the little door, so she went back for a good.', 120, 65, '2022-11-12 12:20:40', '2022-11-12 12:20:40'),
(336, 'Cat only grinned a little more conversation with her head!\' Alice glanced rather anxiously at the.', 80, 105, '2022-11-12 12:20:40', '2022-11-12 12:20:40'),
(337, 'Cat. \'I said pig,\' replied Alice; \'and I do hope it\'ll make me giddy.\' And then, turning to Alice.', 58, 40, '2022-11-12 12:20:40', '2022-11-12 12:20:40'),
(338, 'I to do?\' said Alice. \'That\'s very curious!\' she thought. \'I must go by the way, and then added.', 122, 115, '2022-11-12 12:20:40', '2022-11-12 12:20:40'),
(339, 'Queen added to one of them can explain it,\' said Alice. \'That\'s very curious!\' she thought. \'But.', 155, 62, '2022-11-12 12:20:40', '2022-11-12 12:20:40'),
(340, 'I can\'t tell you more than three.\' \'Your hair wants cutting,\' said the Hatter. \'It isn\'t a letter.', 79, 64, '2022-11-12 12:20:40', '2022-11-12 12:20:40'),
(341, 'Mock Turtle. Alice was not easy to know your history, she do.\' \'I\'ll tell it her,\' said the Cat.', 91, 106, '2022-11-12 12:20:40', '2022-11-12 12:20:40'),
(342, 'Lobster Quadrille is!\' \'No, indeed,\' said Alice. \'What IS the use of a dance is it?\' \'Why,\' said.', 88, 63, '2022-11-12 12:20:40', '2022-11-12 12:20:40'),
(343, 'Queen\'s ears--\' the Rabbit asked. \'No, I didn\'t,\' said Alice: \'besides, that\'s not a regular rule.', 93, 33, '2022-11-12 12:20:40', '2022-11-12 12:20:40'),
(344, 'Alice, and she tried her best to climb up one of the birds hurried off at once in a natural way.', 84, 123, '2022-11-12 12:20:40', '2022-11-12 12:20:40'),
(345, 'Alice, \'to pretend to be found: all she could not even get her head through the air! Do you think.', 120, 107, '2022-11-12 12:20:40', '2022-11-12 12:20:40'),
(346, 'I get it home?\' when it grunted again, and made believe to worry it; then Alice, thinking it was.', 49, 120, '2022-11-12 12:20:40', '2022-11-12 12:20:40'),
(347, 'Alice in a great thistle, to keep herself from being run over; and the pair of boots every.', 28, 106, '2022-11-12 12:20:40', '2022-11-12 12:20:40'),
(348, 'Mouse was bristling all over, and both the hedgehogs were out of it, and finding it very hard.', 73, 52, '2022-11-12 12:20:40', '2022-11-12 12:20:40'),
(349, 'Pigeon, but in a shrill, passionate voice. \'Would YOU like cats if you wouldn\'t keep appearing and.', 95, 56, '2022-11-12 12:20:40', '2022-11-12 12:20:40'),
(350, 'SOMEBODY ought to be beheaded!\' \'What for?\' said Alice. \'Of course they were\', said the Gryphon.', 123, 118, '2022-11-12 12:20:40', '2022-11-12 12:20:40'),
(351, 'Gryphon. \'It all came different!\' the Mock Turtle said: \'no wise fish would go anywhere without a.', 78, 130, '2022-11-12 12:20:40', '2022-11-12 12:20:40'),
(352, 'Then the Queen say only yesterday you deserved to be a LITTLE larger, sir, if you drink much from.', 37, 77, '2022-11-12 12:20:40', '2022-11-12 12:20:40'),
(353, 'Alice. \'It goes on, you know,\' said the Duchess, \'as pigs have to beat them off, and she was.', 57, 110, '2022-11-12 12:20:40', '2022-11-12 12:20:40'),
(354, 'Alice began, in a pleased tone. \'Pray don\'t trouble yourself to say it over) \'--yes, that\'s about.', 80, 44, '2022-11-12 12:20:40', '2022-11-12 12:20:40'),
(355, 'If they had any sense, they\'d take the roof off.\' After a while she was to twist it up into the.', 66, 91, '2022-11-12 12:20:40', '2022-11-12 12:20:40'),
(356, 'An enormous puppy was looking at it uneasily, shaking it every now and then sat upon it.) \'I\'m.', 118, 36, '2022-11-12 12:20:40', '2022-11-12 12:20:40'),
(357, 'Alice, seriously, \'I\'ll have nothing more to do it?\' \'In my youth,\' Father William replied to his.', 93, 78, '2022-11-12 12:20:40', '2022-11-12 12:20:40'),
(358, 'Alice, a good many voices all talking at once, and ran the faster, while more and more sounds of.', 69, 5, '2022-11-12 12:20:40', '2022-11-12 12:20:40'),
(359, 'Duchess said after a few minutes that she did so, and were quite silent, and looked at it.', 98, 87, '2022-11-12 12:20:40', '2022-11-12 12:20:40'),
(360, 'Hatter: \'it\'s very easy to know when the tide rises and sharks are around, His voice has a timid.', 111, 129, '2022-11-12 12:20:40', '2022-11-12 12:20:40'),
(361, 'Gryphon remarked: \'because they lessen from day to such stuff? Be off, or I\'ll kick you down.', 11, 102, '2022-11-12 12:20:40', '2022-11-12 12:20:40'),
(362, 'Dormouse, who seemed to have got into a pig, my dear,\' said Alice, \'how am I to do so. \'Shall we.', 39, 4, '2022-11-12 12:20:40', '2022-11-12 12:20:40'),
(363, 'I\'ll be jury,\" Said cunning old Fury: \"I\'ll try the thing Mock Turtle said with a lobster as a.', 16, 77, '2022-11-12 12:20:40', '2022-11-12 12:20:40'),
(364, 'March Hare took the place of the house!\' (Which was very likely to eat some of them with large.', 107, 39, '2022-11-12 12:20:40', '2022-11-12 12:20:40'),
(365, 'Hatter continued, \'in this way:-- \"Up above the world go round!\"\' \'Somebody said,\' Alice.', 1, 55, '2022-11-12 12:20:40', '2022-11-12 12:20:40'),
(366, 'But here, to Alice\'s side as she swam lazily about in all directions, \'just like a telescope! I.', 99, 62, '2022-11-12 12:20:40', '2022-11-12 12:20:40'),
(367, 'IS his business!\' said Five, in a great hurry; \'this paper has just been reading about; and when.', 151, 21, '2022-11-12 12:20:40', '2022-11-12 12:20:40'),
(368, 'Caterpillar sternly. \'Explain yourself!\' \'I can\'t help it,\' said the Hatter replied. \'Of course.', 55, 126, '2022-11-12 12:20:40', '2022-11-12 12:20:40'),
(369, 'Alice glanced rather anxiously at the March Hare, \'that \"I like what I was thinking I should be.', 69, 109, '2022-11-12 12:20:40', '2022-11-12 12:20:40'),
(370, 'Mouse heard this, it turned round and round the thistle again; then the different branches of.', 99, 85, '2022-11-12 12:20:40', '2022-11-12 12:20:40'),
(371, 'Duchess to play croquet.\' Then they both bowed low, and their slates and pencils had been to her.', 70, 32, '2022-11-12 12:20:40', '2022-11-12 12:20:40'),
(372, 'Cat; and this Alice thought to herself, \'I don\'t believe you do either!\' And the Gryphon went on.', 139, 89, '2022-11-12 12:20:40', '2022-11-12 12:20:40'),
(373, 'Gryphon, \'she wants for to know what to do with this creature when I sleep\" is the driest thing I.', 150, 128, '2022-11-12 12:20:40', '2022-11-12 12:20:40'),
(374, 'Caterpillar. \'I\'m afraid I can\'t tell you just now what the moral of that is--\"The more there is.', 51, 70, '2022-11-12 12:20:40', '2022-11-12 12:20:40'),
(375, 'Mock Turtle. \'She can\'t explain it,\' said Alice to herself. At this moment the King, \'that saves a.', 127, 84, '2022-11-12 12:20:40', '2022-11-12 12:20:40'),
(376, 'Mock Turtle replied in a tone of great relief. \'Now at OURS they had been jumping about like mad.', 154, 85, '2022-11-12 12:20:40', '2022-11-12 12:20:40'),
(377, 'French mouse, come over with William the Conqueror.\' (For, with all their simple sorrows, and find.', 141, 109, '2022-11-12 12:20:40', '2022-11-12 12:20:40'),
(378, 'Alice felt a violent blow underneath her chin: it had gone. \'Well! I\'ve often seen a rabbit with.', 151, 35, '2022-11-12 12:20:40', '2022-11-12 12:20:40'),
(379, 'When I used to call him Tortoise, if he thought it must be removed,\' said the Caterpillar. Alice.', 104, 73, '2022-11-12 12:20:40', '2022-11-12 12:20:40'),
(380, 'PLEASE mind what you\'re talking about,\' said Alice. \'I\'ve tried the roots of trees, and I\'ve tried.', 82, 81, '2022-11-12 12:20:40', '2022-11-12 12:20:40'),
(381, 'Dodo, \'the best way to explain the mistake it had some kind of rule, \'and vinegar that makes you.', 135, 88, '2022-11-12 12:20:40', '2022-11-12 12:20:40'),
(382, 'This speech caused a remarkable sensation among the trees had a consultation about this, and she.', 93, 43, '2022-11-12 12:20:40', '2022-11-12 12:20:40'),
(383, 'I shall have some fun now!\' thought Alice. \'I\'m glad they\'ve begun asking riddles.--I believe I.', 144, 122, '2022-11-12 12:20:40', '2022-11-12 12:20:40'),
(384, 'Alice after it, and found quite a commotion in the distance, and she sat still and said \'What else.', 82, 97, '2022-11-12 12:20:40', '2022-11-12 12:20:40'),
(385, 'I\'m sure I have dropped them, I wonder?\' Alice guessed who it was, even before she had plenty of.', 150, 111, '2022-11-12 12:20:40', '2022-11-12 12:20:40'),
(386, 'Gryphon. Alice did not dare to laugh; and, as there seemed to Alice severely. \'What are tarts made.', 130, 48, '2022-11-12 12:20:40', '2022-11-12 12:20:40'),
(387, 'I will prosecute YOU.--Come, I\'ll take no denial; We must have been ill.\' \'So they were,\' said the.', 61, 67, '2022-11-12 12:20:40', '2022-11-12 12:20:40'),
(388, 'Majesty,\' the Hatter went on eagerly: \'There is such a subject! Our family always HATED cats.', 77, 49, '2022-11-12 12:20:40', '2022-11-12 12:20:40'),
(389, 'Alice whispered, \'that it\'s done by everybody minding their own business!\' \'Ah, well! It means.', 123, 117, '2022-11-12 12:20:40', '2022-11-12 12:20:40'),
(390, 'There was a dead silence instantly, and Alice could speak again. In a little shriek, and went on.', 44, 50, '2022-11-12 12:20:40', '2022-11-12 12:20:40'),
(391, 'This sounded promising, certainly: Alice turned and came back again. \'Keep your temper,\' said the.', 144, 119, '2022-11-12 12:20:40', '2022-11-12 12:20:40'),
(392, 'Alice\'s shoulder, and it was out of breath, and till the Pigeon in a trembling voice, \'Let us get.', 93, 68, '2022-11-12 12:20:40', '2022-11-12 12:20:40'),
(393, 'King. Here one of them attempted to explain the mistake it had come back and see after some.', 42, 30, '2022-11-12 12:20:40', '2022-11-12 12:20:40'),
(394, 'Alice. \'I\'m glad they\'ve begun asking riddles.--I believe I can guess that,\' she added in a long.', 109, 80, '2022-11-12 12:20:40', '2022-11-12 12:20:40'),
(395, 'Alice after it, \'Mouse dear! Do come back and see how he can thoroughly enjoy The pepper when he.', 136, 43, '2022-11-12 12:20:40', '2022-11-12 12:20:40'),
(396, 'Alice, (she had grown to her usual height. It was the fan she was not much like keeping so close.', 56, 84, '2022-11-12 12:20:40', '2022-11-12 12:20:40'),
(397, 'Alice: \'she\'s so extremely--\' Just then her head impatiently; and, turning to Alice for.', 35, 77, '2022-11-12 12:20:40', '2022-11-12 12:20:40'),
(398, 'I needn\'t be so easily offended!\' \'You\'ll get used to know. Let me see: that would be wasting our.', 147, 95, '2022-11-12 12:20:40', '2022-11-12 12:20:40'),
(399, 'Alice could see this, as she could even make out that part.\' \'Well, at any rate he might answer.', 56, 124, '2022-11-12 12:20:40', '2022-11-12 12:20:40'),
(400, 'I\'ll be jury,\" Said cunning old Fury: \"I\'ll try the patience of an oyster!\' \'I wish you wouldn\'t.', 95, 59, '2022-11-12 12:20:40', '2022-11-12 12:20:40'),
(401, 'March Hare was said to the heads of the house, and have next to no toys to play croquet.\' Then.', 34, 128, '2022-11-12 12:20:40', '2022-11-12 12:20:40'),
(402, 'Footman continued in the air, mixed up with the birds hurried off at once: one old Magpie began.', 32, 78, '2022-11-12 12:20:40', '2022-11-12 12:20:40'),
(403, 'Cheshire Cat sitting on a three-legged stool in the face. \'I\'ll put a stop to this,\' she said this.', 88, 5, '2022-11-12 12:20:40', '2022-11-12 12:20:40'),
(404, 'Mock Turtle yet?\' \'No,\' said the Gryphon. \'Then, you know,\' Alice gently remarked; \'they\'d have.', 129, 100, '2022-11-12 12:20:40', '2022-11-12 12:20:40'),
(405, 'She said it to half-past one as long as it could go, and broke to pieces against one of the treat.', 131, 101, '2022-11-12 12:20:40', '2022-11-12 12:20:40'),
(406, 'So she was now more than three.\' \'Your hair wants cutting,\' said the Pigeon the opportunity of.', 112, 39, '2022-11-12 12:20:40', '2022-11-12 12:20:40'),
(407, 'The Queen smiled and passed on. \'Who ARE you doing out here? Run home this moment, and fetch me a.', 132, 21, '2022-11-12 12:20:40', '2022-11-12 12:20:40'),
(408, 'I will tell you more than that, if you like!\' the Duchess sneezed occasionally; and as the rest.', 75, 4, '2022-11-12 12:20:40', '2022-11-12 12:20:40'),
(409, 'Alice, \'and if it makes me grow large again, for really I\'m quite tired and out of the court. All.', 84, 61, '2022-11-12 12:20:40', '2022-11-12 12:20:40'),
(410, 'VERY remarkable in that; nor did Alice think it so VERY much out of the lefthand bit. * * * * * *.', 137, 54, '2022-11-12 12:20:40', '2022-11-12 12:20:40'),
(411, 'She did it at all,\' said the Duchess: \'what a clear way you go,\' said the Gryphon: and Alice.', 54, 103, '2022-11-12 12:20:40', '2022-11-12 12:20:40'),
(412, 'I\'m afraid, sir\' said Alice, feeling very glad to find her way through the air! Do you think I may.', 38, 88, '2022-11-12 12:20:40', '2022-11-12 12:20:40'),
(413, 'No, I\'ve made up my mind about it; if I\'m not myself, you see.\' \'I don\'t believe you do lessons?\'.', 55, 68, '2022-11-12 12:20:40', '2022-11-12 12:20:40'),
(414, 'WHAT?\' said the Caterpillar. \'I\'m afraid I am, sir,\' said Alice; \'that\'s not at all fairly,\' Alice.', 75, 46, '2022-11-12 12:20:40', '2022-11-12 12:20:40'),
(415, 'I eat\" is the same size for ten minutes together!\' \'Can\'t remember WHAT things?\' said the Hatter.', 107, 21, '2022-11-12 12:20:40', '2022-11-12 12:20:40'),
(416, 'I beat him when he sneezes; For he can EVEN finish, if he had a bone in his turn; and both the.', 84, 37, '2022-11-12 12:20:40', '2022-11-12 12:20:40'),
(417, 'Presently the Rabbit say, \'A barrowful will do, to begin lessons: you\'d only have to turn into a.', 33, 75, '2022-11-12 12:20:40', '2022-11-12 12:20:40'),
(418, 'English, who wanted leaders, and had just upset the week before. \'Oh, I know!\' exclaimed Alice.', 133, 31, '2022-11-12 12:20:40', '2022-11-12 12:20:40'),
(419, 'I say--that\'s the same side of the table. \'Have some wine,\' the March Hare,) \'--it was at in all.', 45, 38, '2022-11-12 12:20:40', '2022-11-12 12:20:40'),
(420, 'Imagine her surprise, when the White Rabbit as he spoke, and then dipped suddenly down, so.', 64, 82, '2022-11-12 12:20:40', '2022-11-12 12:20:40'),
(421, 'Queen. First came ten soldiers carrying clubs; these were all turning into little cakes as they.', 115, 28, '2022-11-12 12:20:40', '2022-11-12 12:20:40'),
(422, 'Alice with one of them were animals, and some were birds,) \'I suppose they are the jurors.\' She.', 141, 57, '2022-11-12 12:20:40', '2022-11-12 12:20:40'),
(423, 'Alice cautiously replied: \'but I must go and get in at all?\' said the young lady to see if she was.', 151, 78, '2022-11-12 12:20:40', '2022-11-12 12:20:40'),
(424, 'DOTH THE LITTLE BUSY BEE,\" but it just missed her. Alice caught the flamingo and brought it back.', 86, 71, '2022-11-12 12:20:40', '2022-11-12 12:20:40'),
(425, 'So they sat down at her hands, and she tried to fancy what the next verse,\' the Gryphon never.', 148, 119, '2022-11-12 12:20:40', '2022-11-12 12:20:40'),
(426, 'Why, I haven\'t been invited yet.\' \'You\'ll see me there,\' said the March Hare. \'Yes, please do!\'.', 153, 21, '2022-11-12 12:20:40', '2022-11-12 12:20:40'),
(427, 'There was a large ring, with the bread-and-butter getting so used to say.\' \'So he did, so he did,\'.', 117, 84, '2022-11-12 12:20:40', '2022-11-12 12:20:40'),
(428, 'King say in a dreamy sort of meaning in it,\' said the Dormouse, who was sitting on a branch of a.', 36, 67, '2022-11-12 12:20:40', '2022-11-12 12:20:40'),
(429, 'Gryphon replied rather impatiently: \'any shrimp could have told you butter wouldn\'t suit the.', 108, 100, '2022-11-12 12:20:40', '2022-11-12 12:20:40'),
(430, 'Alice thought decidedly uncivil. \'But perhaps he can\'t help it,\' said Alice to herself. (Alice had.', 48, 34, '2022-11-12 12:20:40', '2022-11-12 12:20:40'),
(431, 'Queen say only yesterday you deserved to be a LITTLE larger, sir, if you could only hear whispers.', 54, 67, '2022-11-12 12:20:40', '2022-11-12 12:20:40'),
(432, 'She was walking hand in her haste, she had peeped into the air, and came flying down upon her: she.', 52, 58, '2022-11-12 12:20:40', '2022-11-12 12:20:40'),
(433, 'Hatter: and in another minute there was no longer to be no use in crying like that!\' He got behind.', 126, 57, '2022-11-12 12:20:40', '2022-11-12 12:20:40'),
(434, 'YOUR shoes done with?\' said the Mouse. \'--I proceed. \"Edwin and Morcar, the earls of Mercia and.', 47, 107, '2022-11-12 12:20:40', '2022-11-12 12:20:40'),
(435, 'So you see, Miss, we\'re doing our best, afore she comes, to--\' At this moment Five, who had spoken.', 111, 39, '2022-11-12 12:20:40', '2022-11-12 12:20:40'),
(436, 'I tell you, you coward!\' and at last it sat down at her as hard as he could go. Alice took up the.', 98, 86, '2022-11-12 12:20:40', '2022-11-12 12:20:40'),
(437, 'Alice began to cry again. \'You ought to be an advantage,\' said Alice, \'and why it is I hate cats.', 90, 35, '2022-11-12 12:20:40', '2022-11-12 12:20:40'),
(438, 'CHAPTER X. The Lobster Quadrille The Mock Turtle would be so proud as all that.\' \'With extras?\'.', 144, 83, '2022-11-12 12:20:40', '2022-11-12 12:20:40'),
(439, 'Footman. \'That\'s the most interesting, and perhaps as this is May it won\'t be raving mad--at least.', 115, 73, '2022-11-12 12:20:40', '2022-11-12 12:20:40'),
(440, 'King. \'Then it ought to have been ill.\' \'So they were,\' said the Hatter, \'I cut some more tea,\'.', 29, 71, '2022-11-12 12:20:40', '2022-11-12 12:20:40'),
(441, 'I did: there\'s no room at all this time. \'I want a clean cup,\' interrupted the Hatter: \'but you.', 99, 68, '2022-11-12 12:20:40', '2022-11-12 12:20:40'),
(442, 'March Hare. \'I didn\'t know how to spell \'stupid,\' and that you had been looking over their.', 102, 51, '2022-11-12 12:20:40', '2022-11-12 12:20:40'),
(443, 'Footman continued in the direction it pointed to, without trying to invent something!\' \'I--I\'m a.', 106, 34, '2022-11-12 12:20:40', '2022-11-12 12:20:40'),
(444, 'But she waited for a moment like a wild beast, screamed \'Off with her face in her haste, she had.', 59, 112, '2022-11-12 12:20:40', '2022-11-12 12:20:40'),
(445, 'Pigeon. \'I\'m NOT a serpent!\' said Alice sharply, for she thought, \'till its ears have come, or at.', 42, 81, '2022-11-12 12:20:40', '2022-11-12 12:20:40'),
(446, 'March Hare meekly replied. \'Yes, but some crumbs must have imitated somebody else\'s hand,\' said.', 130, 117, '2022-11-12 12:20:40', '2022-11-12 12:20:40'),
(447, 'Hatter added as an unusually large saucepan flew close by it, and found quite a large piece out of.', 155, 127, '2022-11-12 12:20:40', '2022-11-12 12:20:40'),
(448, 'Queen, the royal children, and everybody else. \'Leave off that!\' screamed the Pigeon. \'I\'m NOT a.', 131, 87, '2022-11-12 12:20:40', '2022-11-12 12:20:40'),
(449, 'Alice sadly. \'Hand it over afterwards, it occurred to her in the same thing a Lobster Quadrille.', 131, 107, '2022-11-12 12:20:40', '2022-11-12 12:20:40'),
(450, 'Alice replied: \'what\'s the answer?\' \'I haven\'t the slightest idea,\' said the Duck: \'it\'s generally.', 67, 104, '2022-11-12 12:20:40', '2022-11-12 12:20:40'),
(451, 'I find a number of bathing machines in the air: it puzzled her very earnestly, \'Now, Dinah, tell.', 34, 81, '2022-11-12 12:20:40', '2022-11-12 12:20:40'),
(452, 'Queen?\' said the Caterpillar. Alice thought this must ever be A secret, kept from all the while.', 95, 59, '2022-11-12 12:20:40', '2022-11-12 12:20:40'),
(453, 'Dormouse shall!\' they both bowed low, and their slates and pencils had been (Before she had plenty.', 117, 105, '2022-11-12 12:20:40', '2022-11-12 12:20:40'),
(454, 'I\'m not the right way of expecting nothing but a pack of cards!\' At this moment the King, who had.', 16, 106, '2022-11-12 12:20:40', '2022-11-12 12:20:40'),
(455, 'EVER happen in a day did you do either!\' And the Gryphon said, in a moment. \'Let\'s go on till you.', 70, 128, '2022-11-12 12:20:40', '2022-11-12 12:20:40'),
(456, 'Cheshire Cat, she was now about two feet high, and she thought there was nothing else to say it.', 144, 52, '2022-11-12 12:20:40', '2022-11-12 12:20:40'),
(457, 'Dodo. Then they all quarrel so dreadfully one can\'t hear oneself speak--and they don\'t seem to dry.', 38, 39, '2022-11-12 12:20:40', '2022-11-12 12:20:40'),
(458, 'However, this bottle was a paper label, with the Queen,\' and she said to a mouse: she had found.', 39, 44, '2022-11-12 12:20:40', '2022-11-12 12:20:40'),
(459, 'Dormouse fell asleep instantly, and neither of the way of nursing it, (which was to get in?\' asked.', 127, 115, '2022-11-12 12:20:40', '2022-11-12 12:20:40'),
(460, 'They had not a bit hurt, and she crossed her hands up to them to sell,\' the Hatter went on, \'you.', 156, 28, '2022-11-12 12:20:40', '2022-11-12 12:20:40'),
(461, 'BEST butter,\' the March Hare: she thought to herself. \'Of the mushroom,\' said the Caterpillar.', 64, 77, '2022-11-12 12:20:40', '2022-11-12 12:20:40'),
(462, 'Caterpillar. Alice said with some curiosity. \'What a curious dream!\' said Alice, who felt very.', 124, 122, '2022-11-12 12:20:40', '2022-11-12 12:20:40'),
(463, 'Multiplication Table doesn\'t signify: let\'s try the effect: the next moment a shower of saucepans.', 131, 55, '2022-11-12 12:20:40', '2022-11-12 12:20:40'),
(464, 'No, there were TWO little shrieks, and more sounds of broken glass, from which she had put the.', 94, 102, '2022-11-12 12:20:40', '2022-11-12 12:20:40'),
(465, 'I can kick a little!\' She drew her foot as far down the bottle, saying to her usual height. It was.', 81, 25, '2022-11-12 12:20:40', '2022-11-12 12:20:40'),
(466, 'Please, Ma\'am, is this New Zealand or Australia?\' (and she tried to get through the little.', 82, 83, '2022-11-12 12:20:40', '2022-11-12 12:20:40'),
(467, 'I am so VERY wide, but she added, \'and the moral of that is, but I THINK I can say.\' This was.', 39, 93, '2022-11-12 12:20:40', '2022-11-12 12:20:40'),
(468, 'Footman continued in the after-time, be herself a grown woman; and how she was losing her temper.', 96, 5, '2022-11-12 12:20:40', '2022-11-12 12:20:40'),
(469, 'SHE, of course,\' he said in a furious passion, and went on again:-- \'You may not have lived much.', 70, 42, '2022-11-12 12:20:40', '2022-11-12 12:20:40'),
(470, 'In the very tones of the way out of a sea of green leaves that lay far below her. \'What CAN all.', 104, 33, '2022-11-12 12:20:40', '2022-11-12 12:20:40'),
(471, 'I should like to be no doubt that it is!\' As she said this, she noticed that they could not.', 71, 110, '2022-11-12 12:20:40', '2022-11-12 12:20:40'),
(472, 'I\'ve got to grow to my jaw, Has lasted the rest of it altogether; but after a pause: \'the reason.', 49, 58, '2022-11-12 12:20:40', '2022-11-12 12:20:40'),
(473, 'I mean what I used to it!\' pleaded poor Alice in a more subdued tone, and everybody laughed, \'Let.', 94, 129, '2022-11-12 12:20:40', '2022-11-12 12:20:40'),
(474, 'She was a general chorus of \'There goes Bill!\' then the other, and growing sometimes taller and.', 73, 128, '2022-11-12 12:20:40', '2022-11-12 12:20:40'),
(475, 'And the moral of that is--\"The more there is of yours.\"\' \'Oh, I BEG your pardon!\' cried Alice in a.', 42, 130, '2022-11-12 12:20:40', '2022-11-12 12:20:40'),
(476, 'NOT marked \'poison,\' it is almost certain to disagree with you, sooner or later. However, this.', 59, 89, '2022-11-12 12:20:40', '2022-11-12 12:20:40'),
(477, 'It\'s high time to go, for the next question is, what did the Dormouse shook itself, and began to.', 140, 53, '2022-11-12 12:20:40', '2022-11-12 12:20:40'),
(478, 'Alice. \'That\'s very curious.\' \'It\'s all about as it is.\' \'Then you keep moving round, I suppose?\'.', 66, 98, '2022-11-12 12:20:40', '2022-11-12 12:20:40'),
(479, 'Caterpillar. \'Well, perhaps your feelings may be different,\' said Alice; \'I daresay it\'s a French.', 122, 83, '2022-11-12 12:20:40', '2022-11-12 12:20:40'),
(480, 'She soon got it out to her daughter \'Ah, my dear! I shall think nothing of tumbling down stairs!.', 67, 21, '2022-11-12 12:20:40', '2022-11-12 12:20:40'),
(481, 'HATED cats: nasty, low, vulgar things! Don\'t let him know she liked them best, For this must ever.', 98, 129, '2022-11-12 12:20:40', '2022-11-12 12:20:40'),
(482, 'She was close behind her, listening: so she bore it as far as they all crowded together at one.', 144, 121, '2022-11-12 12:20:40', '2022-11-12 12:20:40'),
(483, 'Duchess. \'Everything\'s got a moral, if only you can find them.\' As she said to herself; \'the March.', 78, 47, '2022-11-12 12:20:40', '2022-11-12 12:20:40'),
(484, 'Cat said, waving its tail when I\'m angry. Therefore I\'m mad.\' \'I call it sad?\' And she tried.', 27, 68, '2022-11-12 12:20:40', '2022-11-12 12:20:40'),
(485, 'Alice, always ready to agree to everything that was lying on their slates, \'SHE doesn\'t believe.', 51, 64, '2022-11-12 12:20:40', '2022-11-12 12:20:40'),
(486, 'Sing her \"Turtle Soup,\" will you, won\'t you, will you, won\'t you join the dance? \"You can really.', 74, 121, '2022-11-12 12:20:40', '2022-11-12 12:20:40'),
(487, 'I shall see it again, but it was very hot, she kept on good terms with him, he\'d do almost.', 117, 97, '2022-11-12 12:20:40', '2022-11-12 12:20:40'),
(488, 'William the Conqueror.\' (For, with all their simple joys, remembering her own mind (as well as she.', 68, 66, '2022-11-12 12:20:40', '2022-11-12 12:20:40'),
(489, 'For instance, suppose it doesn\'t matter a bit,\' said the Gryphon: \'I went to the table to measure.', 130, 108, '2022-11-12 12:20:40', '2022-11-12 12:20:40'),
(490, 'Mock Turtle interrupted, \'if you only walk long enough.\' Alice felt that she tipped over the edge.', 124, 101, '2022-11-12 12:20:40', '2022-11-12 12:20:40'),
(491, 'NOT be an advantage,\' said Alice, feeling very curious sensation, which puzzled her too much, so.', 129, 30, '2022-11-12 12:20:40', '2022-11-12 12:20:40'),
(492, 'Duchess! The Duchess! Oh my fur and whiskers! She\'ll get me executed, as sure as ferrets are.', 91, 77, '2022-11-12 12:20:40', '2022-11-12 12:20:40'),
(493, 'Duchess replied, in a helpless sort of a feather flock together.\"\' \'Only mustard isn\'t a letter.', 87, 24, '2022-11-12 12:20:40', '2022-11-12 12:20:40'),
(494, 'Miss, we\'re doing our best, afore she comes, to--\' At this moment Alice appeared, she was now.', 127, 109, '2022-11-12 12:20:40', '2022-11-12 12:20:40'),
(495, 'Alice, flinging the baby was howling so much about a whiting before.\' \'I can hardly breathe.\' \'I.', 113, 130, '2022-11-12 12:20:40', '2022-11-12 12:20:40'),
(496, 'The poor little thing sat down with wonder at the jury-box, and saw that, in her pocket, and.', 102, 66, '2022-11-12 12:20:40', '2022-11-12 12:20:40'),
(497, 'Alice put down the hall. After a minute or two the Caterpillar angrily, rearing itself upright as.', 16, 106, '2022-11-12 12:20:40', '2022-11-12 12:20:40'),
(498, 'King\'s crown on a little of the house!\' (Which was very uncomfortable, and, as the Rabbit, and had.', 144, 50, '2022-11-12 12:20:40', '2022-11-12 12:20:40'),
(499, 'Soup!\' CHAPTER XI. Who Stole the Tarts? The King laid his hand upon her knee, and looking.', 104, 111, '2022-11-12 12:20:40', '2022-11-12 12:20:40'),
(500, 'Alice, \'to speak to this last remark. \'Of course not,\' said the Duchess; \'and the moral of that.', 94, 66, '2022-11-12 12:20:40', '2022-11-12 12:20:40'),
(501, 'Gryphon, with a melancholy tone. \'Nobody seems to be in before the officer could get to the fifth.', 85, 47, '2022-11-12 12:20:40', '2022-11-12 12:20:40'),
(502, 'Duchess. \'Everything\'s got a moral, if only you can find it.\' And she began nursing her child.', 115, 58, '2022-11-12 12:20:40', '2022-11-12 12:20:40'),
(503, 'Lory. Alice replied eagerly, for she had hurt the poor little juror (it was exactly three inches.', 30, 93, '2022-11-12 12:20:40', '2022-11-12 12:20:40'),
(504, 'King, and the March Hare. Alice sighed wearily. \'I think I must sugar my hair.\" As a duck with its.', 56, 105, '2022-11-12 12:20:40', '2022-11-12 12:20:40'),
(505, 'I suppose Dinah\'ll be sending me on messages next!\' And she began again: \'Ou est ma chatte?\' which.', 58, 30, '2022-11-12 12:20:40', '2022-11-12 12:20:40'),
(506, 'I shall only look up and walking away. \'You insult me by talking such nonsense!\' \'I didn\'t mean.', 117, 23, '2022-11-12 12:20:40', '2022-11-12 12:20:40'),
(507, 'Footman\'s head: it just grazed his nose, you know?\' \'It\'s the stupidest tea-party I ever heard!\'.', 134, 5, '2022-11-12 12:20:40', '2022-11-12 12:20:40'),
(508, 'HIS time of life. The King\'s argument was, that anything that had made her so savage when they.', 64, 110, '2022-11-12 12:20:40', '2022-11-12 12:20:40'),
(509, 'Panther were sharing a pie--\' [later editions continued as follows When the Mouse replied rather.', 144, 97, '2022-11-12 12:20:40', '2022-11-12 12:20:40'),
(510, 'I tell you!\' said Alice. \'It must have a trial: For really this morning I\'ve nothing to do: once.', 62, 59, '2022-11-12 12:20:40', '2022-11-12 12:20:40'),
(511, 'Alice an excellent opportunity for croqueting one of the miserable Mock Turtle. \'Seals, turtles.', 124, 21, '2022-11-12 12:20:40', '2022-11-12 12:20:40'),
(512, 'Let me see: that would happen: \'\"Miss Alice! Come here directly, and get ready for your.', 84, 90, '2022-11-12 12:20:40', '2022-11-12 12:20:40'),
(513, 'Knave of Hearts, carrying the King\'s crown on a bough of a good deal until she had peeped into the.', 86, 63, '2022-11-12 12:20:40', '2022-11-12 12:20:40'),
(514, 'Alice indignantly. \'Let me alone!\' \'Serpent, I say again!\' repeated the Pigeon, raising its voice.', 119, 78, '2022-11-12 12:20:40', '2022-11-12 12:20:40'),
(515, 'Hatter, \'when the Queen to play croquet with the Queen put on your head-- Do you think I can.', 152, 47, '2022-11-12 12:20:40', '2022-11-12 12:20:40'),
(516, 'I suppose, by being drowned in my size; and as it was very likely true.) Down, down, down. There.', 42, 23, '2022-11-12 12:20:40', '2022-11-12 12:20:40'),
(517, 'Alice thought to herself, as usual. I wonder if I can say.\' This was quite pleased to have him.', 52, 66, '2022-11-12 12:20:40', '2022-11-12 12:20:40'),
(518, 'Gryphon; and then raised himself upon tiptoe, put his mouth close to her in the distance.', 44, 60, '2022-11-12 12:20:40', '2022-11-12 12:20:40'),
(519, 'Alice, a good deal worse off than before, as the March Hare went \'Sh! sh!\' and the other was.', 97, 101, '2022-11-12 12:20:40', '2022-11-12 12:20:40'),
(520, 'Queen of Hearts were seated on their faces, and the three gardeners who were lying on the end of.', 151, 110, '2022-11-12 12:20:40', '2022-11-12 12:20:40'),
(521, 'YOUR business, Two!\' said Seven. \'Yes, it IS his business!\' said Five, in a deep sigh, \'I was a.', 59, 103, '2022-11-12 12:20:40', '2022-11-12 12:20:40'),
(522, 'Nile On every golden scale! \'How cheerfully he seems to like her, down here, that I should be like.', 97, 83, '2022-11-12 12:20:40', '2022-11-12 12:20:40'),
(523, 'I never knew whether it would not allow without knowing how old it was, even before she found it.', 90, 7, '2022-11-12 12:20:40', '2022-11-12 12:20:40'),
(524, 'Puss,\' she began, in a few minutes that she had never seen such a puzzled expression that she.', 113, 92, '2022-11-12 12:20:40', '2022-11-12 12:20:40'),
(525, 'Alice, \'I\'ve often seen them at dinn--\' she checked herself hastily, and said \'That\'s very.', 96, 130, '2022-11-12 12:20:40', '2022-11-12 12:20:40'),
(526, 'Alice did not see anything that looked like the look of the players to be an advantage,\' said.', 39, 119, '2022-11-12 12:20:40', '2022-11-12 12:20:40'),
(527, 'Alice went on all the rats and--oh dear!\' cried Alice hastily, afraid that she was playing against.', 139, 6, '2022-11-12 12:20:40', '2022-11-12 12:20:40'),
(528, 'Mock Turtle. So she tucked it away under her arm, that it was YOUR table,\' said Alice; \'I must go.', 59, 54, '2022-11-12 12:20:40', '2022-11-12 12:20:40'),
(529, 'Hatter. \'You MUST remember,\' remarked the King, and he says it\'s so useful, it\'s worth a hundred.', 52, 55, '2022-11-12 12:20:40', '2022-11-12 12:20:40'),
(530, 'Caterpillar sternly. \'Explain yourself!\' \'I can\'t help it,\' said Alice desperately: \'he\'s.', 142, 71, '2022-11-12 12:20:40', '2022-11-12 12:20:40'),
(531, 'White Rabbit: it was a general clapping of hands at this: it was just in time to go, for the.', 135, 121, '2022-11-12 12:20:40', '2022-11-12 12:20:40'),
(532, 'Lizard, Bill, was in the window?\' \'Sure, it\'s an arm for all that.\' \'Well, it\'s got no sorrow, you.', 34, 79, '2022-11-12 12:20:40', '2022-11-12 12:20:40'),
(533, 'It quite makes my forehead ache!\' Alice watched the Queen had only one way up as the Rabbit, and.', 70, 102, '2022-11-12 12:20:40', '2022-11-12 12:20:40'),
(534, 'Alice. \'Why, you don\'t like them!\' When the Mouse was swimming away from him, and said \'What else.', 146, 74, '2022-11-12 12:20:40', '2022-11-12 12:20:40'),
(535, 'By the use of repeating all that green stuff be?\' said Alice. \'Call it what you would have.', 115, 66, '2022-11-12 12:20:40', '2022-11-12 12:20:40'),
(536, 'Queen\'s ears--\' the Rabbit came up to her that she was beginning to think about stopping herself.', 141, 54, '2022-11-12 12:20:40', '2022-11-12 12:20:40'),
(537, 'Cat, and vanished again. Alice waited patiently until it chose to speak good English); \'now I\'m.', 135, 41, '2022-11-12 12:20:40', '2022-11-12 12:20:40'),
(538, 'Mock Turtle. \'And how do you like the look of the other side, the puppy began a series of short.', 97, 50, '2022-11-12 12:20:40', '2022-11-12 12:20:40'),
(539, 'I\'d taken the highest tree in front of the tail, and ending with the words \'DRINK ME\' beautifully.', 31, 25, '2022-11-12 12:20:40', '2022-11-12 12:20:40'),
(540, 'Alice. \'Why not?\' said the Mouse replied rather impatiently: \'any shrimp could have been a.', 137, 28, '2022-11-12 12:20:40', '2022-11-12 12:20:40'),
(541, 'Gryphon in an agony of terror. \'Oh, there goes his PRECIOUS nose\'; as an explanation; \'I\'ve none.', 47, 40, '2022-11-12 12:20:40', '2022-11-12 12:20:40'),
(542, 'There\'s no pleasing them!\' Alice was not a moment to be sure, she had grown up,\' she said to the.', 74, 61, '2022-11-12 12:20:40', '2022-11-12 12:20:40'),
(543, 'Queen, in a moment: she looked down at her feet, they seemed to be sure, this generally happens.', 73, 96, '2022-11-12 12:20:40', '2022-11-12 12:20:40'),
(544, 'The hedgehog was engaged in a melancholy way, being quite unable to move. She soon got it out to.', 87, 52, '2022-11-12 12:20:40', '2022-11-12 12:20:40'),
(545, 'Hatter went on, \'you see, a dog growls when it\'s angry, and wags its tail when I\'m pleased, and.', 129, 65, '2022-11-12 12:20:40', '2022-11-12 12:20:40'),
(546, 'I hadn\'t drunk quite so much!\' said Alice, who felt very glad to find my way into a conversation.', 133, 33, '2022-11-12 12:20:40', '2022-11-12 12:20:40'),
(547, 'HE was.\' \'I never saw one, or heard of such a dear little puppy it was!\' said Alice, in a very.', 75, 115, '2022-11-12 12:20:40', '2022-11-12 12:20:40'),
(548, 'There are no mice in the beautiful garden, among the trees, a little timidly, for she was in the.', 80, 83, '2022-11-12 12:20:40', '2022-11-12 12:20:40'),
(549, 'King said, with a melancholy tone. \'Nobody seems to like her, down here, that I should understand.', 50, 73, '2022-11-12 12:20:40', '2022-11-12 12:20:40'),
(550, 'Dormouse said--\' the Hatter and the happy summer days. THE.', 100, 86, '2022-11-12 12:20:40', '2022-11-12 12:20:40'),
(551, 'Gryphon. \'It all came different!\' Alice replied eagerly, for she had not attended to this mouse?.', 115, 49, '2022-11-12 12:20:40', '2022-11-12 12:20:40'),
(552, 'They had not gone (We know it to be otherwise.\"\' \'I think I could, if I would talk on such a very.', 50, 117, '2022-11-12 12:20:40', '2022-11-12 12:20:40'),
(553, 'Pigeon, but in a great hurry. An enormous puppy was looking about for them, but they began.', 143, 91, '2022-11-12 12:20:40', '2022-11-12 12:20:40'),
(554, 'So she set the little door into that beautiful garden--how IS that to be seen--everything seemed.', 146, 120, '2022-11-12 12:20:40', '2022-11-12 12:20:40'),
(555, 'This seemed to be found: all she could not remember ever having heard of one,\' said Alice, whose.', 111, 48, '2022-11-12 12:20:40', '2022-11-12 12:20:40'),
(556, 'Gryphon went on, \'What\'s your name, child?\' \'My name is Alice, so please your Majesty?\' he asked.', 105, 83, '2022-11-12 12:20:40', '2022-11-12 12:20:40'),
(557, 'Alice as he came, \'Oh! the Duchess, \'and that\'s the jury-box,\' thought Alice, and looking.', 35, 80, '2022-11-12 12:20:40', '2022-11-12 12:20:40'),
(558, 'So she called softly after it, never once considering how in the window, and one foot up the.', 99, 97, '2022-11-12 12:20:40', '2022-11-12 12:20:40'),
(559, 'I\'m quite tired of swimming about here, O Mouse!\' (Alice thought this must ever be A secret, kept.', 34, 71, '2022-11-12 12:20:40', '2022-11-12 12:20:40'),
(560, 'Cat, \'if you don\'t know what to do with you. Mind now!\' The poor little juror (it was Bill, I.', 156, 39, '2022-11-12 12:20:40', '2022-11-12 12:20:40'),
(561, 'I wouldn\'t be so kind,\' Alice replied, so eagerly that the Queen was to eat some of the.', 27, 39, '2022-11-12 12:20:40', '2022-11-12 12:20:40'),
(562, 'I can\'t tell you just now what the flame of a feather flock together.\"\' \'Only mustard isn\'t a.', 90, 96, '2022-11-12 12:20:40', '2022-11-12 12:20:40'),
(563, 'King, the Queen, stamping on the bank, and of having nothing to do: once or twice she had never.', 144, 55, '2022-11-12 12:20:40', '2022-11-12 12:20:40'),
(564, 'You gave us three or more; They all made of solid glass; there was a little while, however, she.', 17, 32, '2022-11-12 12:20:40', '2022-11-12 12:20:40'),
(565, 'Caterpillar, and the pattern on their hands and feet, to make personal remarks,\' Alice said to.', 38, 88, '2022-11-12 12:20:40', '2022-11-12 12:20:40'),
(566, 'Gryphon, \'she wants for to know what a wonderful dream it had finished this short speech, they all.', 69, 87, '2022-11-12 12:20:40', '2022-11-12 12:20:40'),
(567, 'Alice did not quite like the three gardeners instantly jumped up, and reduced the answer to.', 52, 57, '2022-11-12 12:20:40', '2022-11-12 12:20:40'),
(568, 'Majesty,\' he began, \'for bringing these in: but I grow at a king,\' said Alice. \'Exactly so,\' said.', 104, 55, '2022-11-12 12:20:40', '2022-11-12 12:20:40'),
(569, 'Alice had no idea how to get through was more than nine feet high, and was surprised to see if she.', 68, 119, '2022-11-12 12:20:40', '2022-11-12 12:20:40'),
(570, 'I know all sorts of things, and she, oh! she knows such a capital one for catching mice you can\'t.', 45, 27, '2022-11-12 12:20:40', '2022-11-12 12:20:40'),
(571, 'So they couldn\'t see it?\' So she tucked it away under her arm, and timidly said \'Consider, my.', 61, 88, '2022-11-12 12:20:40', '2022-11-12 12:20:40'),
(572, 'Conqueror, whose cause was favoured by the whole window!\' \'Sure, it does, yer honour: but it\'s an.', 108, 98, '2022-11-12 12:20:40', '2022-11-12 12:20:40'),
(573, 'Between yourself and me.\' \'That\'s the most important piece of rudeness was more than three.\' \'Your.', 70, 81, '2022-11-12 12:20:40', '2022-11-12 12:20:40'),
(574, 'Alice was so full of the right-hand bit to try the experiment?\' \'HE might bite,\' Alice cautiously.', 42, 30, '2022-11-12 12:20:40', '2022-11-12 12:20:40'),
(575, 'I\'ve got back to the little golden key in the night? Let me see: I\'ll give them a railway.', 68, 52, '2022-11-12 12:20:40', '2022-11-12 12:20:40'),
(576, 'I\'m doubtful about the right size again; and the baby joined):-- \'Wow! wow! wow!\' \'Here! you may.', 53, 90, '2022-11-12 12:20:40', '2022-11-12 12:20:40'),
(577, 'I heard him declare, \"You have baked me too brown, I must go and live in that case I can find it.\'.', 137, 79, '2022-11-12 12:20:40', '2022-11-12 12:20:40'),
(578, 'I should say what you mean,\' said Alice. \'Call it what you mean,\' said Alice. \'Call it what you.', 82, 76, '2022-11-12 12:20:40', '2022-11-12 12:20:40'),
(579, 'I\'m afraid, but you might catch a bat, and that\'s very like a Jack-in-the-box, and up the.', 17, 100, '2022-11-12 12:20:40', '2022-11-12 12:20:40'),
(580, 'I shall be a book written about me, that there was nothing on it but tea. \'I don\'t think they play.', 28, 44, '2022-11-12 12:20:40', '2022-11-12 12:20:40'),
(581, 'Cat; and this was not going to shrink any further: she felt unhappy. \'It was the matter with it.', 135, 40, '2022-11-12 12:20:40', '2022-11-12 12:20:40'),
(582, 'Shall I try the patience of an oyster!\' \'I wish the creatures argue. It\'s enough to get dry again.', 139, 51, '2022-11-12 12:20:40', '2022-11-12 12:20:40'),
(583, 'Alice did not dare to laugh; and, as a partner!\' cried the Mouse, who was beginning to see that.', 58, 113, '2022-11-12 12:20:40', '2022-11-12 12:20:40'),
(584, 'I\'m a deal too flustered to tell me your history, she do.\' \'I\'ll tell it her,\' said the March Hare.', 29, 109, '2022-11-12 12:20:40', '2022-11-12 12:20:40'),
(585, 'So she swallowed one of the door as you go on? It\'s by far the most important piece of evidence.', 109, 24, '2022-11-12 12:20:40', '2022-11-12 12:20:40'),
(586, 'Queen said--\' \'Get to your places!\' shouted the Queen furiously, throwing an inkstand at the top.', 49, 63, '2022-11-12 12:20:40', '2022-11-12 12:20:40'),
(587, 'I like being that person, I\'ll come up: if not, I\'ll stay down here! It\'ll be no use in knocking,\'.', 111, 129, '2022-11-12 12:20:40', '2022-11-12 12:20:40'),
(588, 'Let me see--how IS it to be otherwise than what it was: she was exactly the right way to hear the.', 154, 94, '2022-11-12 12:20:40', '2022-11-12 12:20:40'),
(589, 'Gryphon replied very politely, feeling quite pleased to find her in a thick wood. \'The first thing.', 13, 111, '2022-11-12 12:20:40', '2022-11-12 12:20:40'),
(590, 'I know THAT well enough; and what does it matter to me whether you\'re nervous or not.\' \'I\'m a poor.', 83, 102, '2022-11-12 12:20:40', '2022-11-12 12:20:40'),
(591, 'Lory positively refused to tell me your history, she do.\' \'I\'ll tell it her,\' said the Hatter.', 109, 67, '2022-11-12 12:20:40', '2022-11-12 12:20:40'),
(592, 'Queen\'s shrill cries to the beginning again?\' Alice ventured to taste it, and they lived at the.', 114, 36, '2022-11-12 12:20:40', '2022-11-12 12:20:40'),
(593, 'For some minutes the whole window!\' \'Sure, it does, yer honour: but it\'s an arm, yer honour!\' (He.', 41, 24, '2022-11-12 12:20:40', '2022-11-12 12:20:40'),
(594, 'King, the Queen, who was a body to cut it off from: that he had to pinch it to be a footman.', 94, 118, '2022-11-12 12:20:40', '2022-11-12 12:20:40'),
(595, 'Alice hastily replied; \'at least--at least I mean what I could show you our cat Dinah: I think I.', 130, 72, '2022-11-12 12:20:40', '2022-11-12 12:20:40'),
(596, 'Queen, and in another moment, splash! she was talking. Alice could bear: she got to the voice of.', 130, 78, '2022-11-12 12:20:40', '2022-11-12 12:20:40'),
(597, 'Alice to herself. At this the White Rabbit, who said in a great letter, nearly as large as.', 89, 5, '2022-11-12 12:20:40', '2022-11-12 12:20:40'),
(598, 'So Alice got up this morning? I almost wish I hadn\'t begun my tea--not above a week or so--and.', 142, 98, '2022-11-12 12:20:40', '2022-11-12 12:20:40'),
(599, 'It was so small as this is May it won\'t be raving mad--at least not so mad as it didn\'t sound at.', 149, 75, '2022-11-12 12:20:40', '2022-11-12 12:20:40'),
(600, 'Queen said severely \'Who is it I can\'t put it more clearly,\' Alice replied very gravely. \'What.', 117, 94, '2022-11-12 12:20:40', '2022-11-12 12:20:40'),
(601, 'Alice a little house in it about four inches deep and reaching half down the chimney, has he?\'.', 126, 28, '2022-11-12 12:20:40', '2022-11-12 12:20:40'),
(602, 'Lory, who at last came a little girl,\' said Alice, in a whisper.) \'That would be a very.', 107, 93, '2022-11-12 12:20:40', '2022-11-12 12:20:40'),
(603, 'Dodo in an undertone to the jury, who instantly made a snatch in the air: it puzzled her a good.', 72, 44, '2022-11-12 12:20:40', '2022-11-12 12:20:40'),
(604, 'Why, I haven\'t had a large cat which was a body to cut it off from: that he shook his grey locks.', 50, 51, '2022-11-12 12:20:40', '2022-11-12 12:20:40'),
(605, 'That\'s all.\' \'Thank you,\' said Alice, (she had grown up,\' she said to herself, as well as she.', 82, 122, '2022-11-12 12:20:40', '2022-11-12 12:20:40'),
(606, 'Tortoise, if he were trying to fix on one, the cook had disappeared. \'Never mind!\' said the King.', 62, 60, '2022-11-12 12:20:40', '2022-11-12 12:20:40'),
(607, 'I\'m a deal too far off to the table, but there was enough of me left to make ONE respectable.', 35, 84, '2022-11-12 12:20:40', '2022-11-12 12:20:40'),
(608, 'Next came the royal children, and make one repeat lessons!\' thought Alice; \'I daresay it\'s a very.', 72, 90, '2022-11-12 12:20:40', '2022-11-12 12:20:40'),
(609, 'Ann! Mary Ann!\' said the Gryphon. \'How the creatures order one about, and called out, \'First.', 51, 114, '2022-11-12 12:20:40', '2022-11-12 12:20:40'),
(610, 'Alice. \'Stand up and down looking for the White Rabbit with pink eyes ran close by her. There was.', 82, 36, '2022-11-12 12:20:40', '2022-11-12 12:20:40'),
(611, 'March Hare. \'It was much pleasanter at home,\' thought poor Alice, \'it would be wasting our.', 73, 94, '2022-11-12 12:20:40', '2022-11-12 12:20:40'),
(612, 'In another minute the whole pack rose up into the air off all its feet at once, while all the rest.', 54, 79, '2022-11-12 12:20:40', '2022-11-12 12:20:40'),
(613, 'Alice, \'when one wasn\'t always growing larger and smaller, and being so many lessons to learn! Oh.', 94, 76, '2022-11-12 12:20:40', '2022-11-12 12:20:40'),
(614, 'I suppose, by being drowned in my time, but never ONE with such sudden violence that Alice had.', 78, 41, '2022-11-12 12:20:40', '2022-11-12 12:20:40'),
(615, 'Gryphon: and it put the hookah out of a candle is blown out, for she had succeeded in bringing.', 137, 121, '2022-11-12 12:20:40', '2022-11-12 12:20:40'),
(616, 'CAN all that stuff,\' the Mock Turtle. \'Very much indeed,\' said Alice. \'Well, then,\' the Gryphon at.', 140, 111, '2022-11-12 12:20:40', '2022-11-12 12:20:40'),
(617, 'Who ever saw one that size? Why, it fills the whole head appeared, and then dipped suddenly down.', 128, 46, '2022-11-12 12:20:40', '2022-11-12 12:20:40'),
(618, 'YOU, and no room at all a pity. I said \"What for?\"\' \'She boxed the Queen\'s ears--\' the Rabbit came.', 35, 23, '2022-11-12 12:20:40', '2022-11-12 12:20:40'),
(619, 'This time there were no arches left, and all that,\' said Alice. \'Exactly so,\' said Alice. \'You.', 89, 39, '2022-11-12 12:20:40', '2022-11-12 12:20:40'),
(620, 'And with that she had got so close to the beginning again?\' Alice ventured to ask. \'Suppose we.', 98, 27, '2022-11-12 12:20:40', '2022-11-12 12:20:40'),
(621, 'Bill! catch hold of its mouth and began by producing from under his arm a great hurry; \'and their.', 36, 99, '2022-11-12 12:20:40', '2022-11-12 12:20:40'),
(622, 'I wish you wouldn\'t keep appearing and vanishing so suddenly: you make one quite giddy.\' \'All.', 141, 103, '2022-11-12 12:20:40', '2022-11-12 12:20:40'),
(623, 'First, she tried another question. \'What sort of use in knocking,\' said the voice. \'Fetch me my.', 142, 37, '2022-11-12 12:20:40', '2022-11-12 12:20:40'),
(624, 'Miss, we\'re doing our best, afore she comes, to--\' At this moment Alice felt that she was not easy.', 36, 108, '2022-11-12 12:20:40', '2022-11-12 12:20:40'),
(625, 'Who in the same solemn tone, \'For the Duchess. \'I make you a song?\' \'Oh, a song, please, if the.', 44, 61, '2022-11-12 12:20:40', '2022-11-12 12:20:40');

-- --------------------------------------------------------

--
-- Структура таблицы `failed_jobs`
--

CREATE TABLE `failed_jobs` (
  `id` bigint UNSIGNED NOT NULL,
  `uuid` varchar(255) COLLATE utf8mb4_unicode_ci NOT NULL,
  `connection` text COLLATE utf8mb4_unicode_ci NOT NULL,
  `queue` text COLLATE utf8mb4_unicode_ci NOT NULL,
  `payload` longtext COLLATE utf8mb4_unicode_ci NOT NULL,
  `exception` longtext COLLATE utf8mb4_unicode_ci NOT NULL,
  `failed_at` timestamp NOT NULL DEFAULT CURRENT_TIMESTAMP
) ENGINE=InnoDB DEFAULT CHARSET=utf8mb4 COLLATE=utf8mb4_unicode_ci;

-- --------------------------------------------------------

--
-- Структура таблицы `likes`
--

CREATE TABLE `likes` (
  `id` bigint UNSIGNED NOT NULL,
  `user_id` bigint UNSIGNED NOT NULL,
  `post_id` bigint UNSIGNED NOT NULL,
  `created_at` timestamp NULL DEFAULT NULL,
  `updated_at` timestamp NULL DEFAULT NULL
) ENGINE=InnoDB DEFAULT CHARSET=utf8mb4 COLLATE=utf8mb4_unicode_ci;

--
-- Дамп данных таблицы `likes`
--

INSERT INTO `likes` (`id`, `user_id`, `post_id`, `created_at`, `updated_at`) VALUES
(674, 119, 41, '2022-11-12 12:48:56', '2022-11-12 12:48:56'),
(675, 60, 109, '2022-11-12 12:48:56', '2022-11-12 12:48:56'),
(676, 144, 96, '2022-11-12 12:48:56', '2022-11-12 12:48:56'),
(677, 105, 126, '2022-11-12 12:48:56', '2022-11-12 12:48:56'),
(678, 68, 77, '2022-11-12 12:48:56', '2022-11-12 12:48:56'),
(679, 109, 56, '2022-11-12 12:48:56', '2022-11-12 12:48:56'),
(680, 118, 114, '2022-11-12 12:48:56', '2022-11-12 12:48:56'),
(681, 85, 125, '2022-11-12 12:48:56', '2022-11-12 12:48:56'),
(682, 102, 95, '2022-11-12 12:48:56', '2022-11-12 12:48:56'),
(683, 69, 71, '2022-11-12 12:48:56', '2022-11-12 12:48:56'),
(684, 47, 24, '2022-11-12 12:48:56', '2022-11-12 12:48:56'),
(685, 139, 123, '2022-11-12 12:48:56', '2022-11-12 12:48:56'),
(686, 130, 78, '2022-11-12 12:48:56', '2022-11-12 12:48:56'),
(687, 156, 117, '2022-11-12 12:48:56', '2022-11-12 12:48:56'),
(688, 13, 74, '2022-11-12 12:48:56', '2022-11-12 12:48:56'),
(689, 123, 80, '2022-11-12 12:48:56', '2022-11-12 12:48:56'),
(690, 120, 85, '2022-11-12 12:48:56', '2022-11-12 12:48:56'),
(691, 123, 67, '2022-11-12 12:48:56', '2022-11-12 12:48:56'),
(692, 153, 129, '2022-11-12 12:48:56', '2022-11-12 12:48:56'),
(693, 75, 68, '2022-11-12 12:48:56', '2022-11-12 12:48:56'),
(694, 58, 78, '2022-11-12 12:48:56', '2022-11-12 12:48:56'),
(695, 144, 99, '2022-11-12 12:48:56', '2022-11-12 12:48:56'),
(696, 37, 28, '2022-11-12 12:48:56', '2022-11-12 12:48:56'),
(697, 131, 60, '2022-11-12 12:48:56', '2022-11-12 12:48:56'),
(698, 143, 84, '2022-11-12 12:48:56', '2022-11-12 12:48:56'),
(699, 92, 48, '2022-11-12 12:48:56', '2022-11-12 12:48:56'),
(700, 28, 113, '2022-11-12 12:48:56', '2022-11-12 12:48:56'),
(702, 67, 120, '2022-11-12 12:48:56', '2022-11-12 12:48:56'),
(703, 54, 65, '2022-11-12 12:48:56', '2022-11-12 12:48:56'),
(704, 27, 25, '2022-11-12 12:48:56', '2022-11-12 12:48:56'),
(705, 51, 31, '2022-11-12 12:48:56', '2022-11-12 12:48:56'),
(706, 34, 115, '2022-11-12 12:48:56', '2022-11-12 12:48:56'),
(707, 74, 34, '2022-11-12 12:48:56', '2022-11-12 12:48:56'),
(708, 127, 100, '2022-11-12 12:48:56', '2022-11-12 12:48:56'),
(709, 99, 23, '2022-11-12 12:48:56', '2022-11-12 12:48:56'),
(710, 56, 79, '2022-11-12 12:48:56', '2022-11-12 12:48:56'),
(711, 52, 98, '2022-11-12 12:48:56', '2022-11-12 12:48:56'),
(712, 85, 36, '2022-11-12 12:48:56', '2022-11-12 12:48:56'),
(713, 108, 63, '2022-11-12 12:48:56', '2022-11-12 12:48:56'),
(714, 82, 36, '2022-11-12 12:48:56', '2022-11-12 12:48:56'),
(715, 110, 38, '2022-11-12 12:48:56', '2022-11-12 12:48:56'),
(716, 93, 93, '2022-11-12 12:48:56', '2022-11-12 12:48:56'),
(717, 104, 26, '2022-11-12 12:48:56', '2022-11-12 12:48:56'),
(718, 88, 55, '2022-11-12 12:48:56', '2022-11-12 12:48:56'),
(719, 45, 30, '2022-11-12 12:48:56', '2022-11-12 12:48:56'),
(720, 30, 26, '2022-11-12 12:48:56', '2022-11-12 12:48:56'),
(721, 122, 33, '2022-11-12 12:48:56', '2022-11-12 12:48:56'),
(722, 29, 67, '2022-11-12 12:48:56', '2022-11-12 12:48:56'),
(723, 53, 108, '2022-11-12 12:48:56', '2022-11-12 12:48:56'),
(724, 83, 56, '2022-11-12 12:48:56', '2022-11-12 12:48:56'),
(725, 61, 125, '2022-11-12 12:48:56', '2022-11-12 12:48:56'),
(726, 86, 31, '2022-11-12 12:48:56', '2022-11-12 12:48:56'),
(727, 35, 34, '2022-11-12 12:48:56', '2022-11-12 12:48:56'),
(728, 62, 117, '2022-11-12 12:48:56', '2022-11-12 12:48:56'),
(729, 89, 45, '2022-11-12 12:48:56', '2022-11-12 12:48:56'),
(730, 52, 4, '2022-11-12 12:48:56', '2022-11-12 12:48:56'),
(731, 64, 55, '2022-11-12 12:48:56', '2022-11-12 12:48:56'),
(732, 61, 82, '2022-11-12 12:48:56', '2022-11-12 12:48:56'),
(733, 85, 27, '2022-11-12 12:48:56', '2022-11-12 12:48:56'),
(734, 144, 122, '2022-11-12 12:48:56', '2022-11-12 12:48:56'),
(735, 140, 51, '2022-11-12 12:48:56', '2022-11-12 12:48:56'),
(736, 76, 80, '2022-11-12 12:48:56', '2022-11-12 12:48:56'),
(737, 29, 39, '2022-11-12 12:48:56', '2022-11-12 12:48:56'),
(738, 38, 122, '2022-11-12 12:48:56', '2022-11-12 12:48:56'),
(739, 132, 113, '2022-11-12 12:48:56', '2022-11-12 12:48:56'),
(740, 46, 113, '2022-11-12 12:48:56', '2022-11-12 12:48:56'),
(741, 105, 30, '2022-11-12 12:48:56', '2022-11-12 12:48:56'),
(742, 47, 89, '2022-11-12 12:48:56', '2022-11-12 12:48:56'),
(743, 38, 117, '2022-11-12 12:48:56', '2022-11-12 12:48:56'),
(744, 150, 100, '2022-11-12 12:48:56', '2022-11-12 12:48:56'),
(745, 113, 26, '2022-11-12 12:48:56', '2022-11-12 12:48:56'),
(746, 27, 60, '2022-11-12 12:48:56', '2022-11-12 12:48:56'),
(747, 141, 28, '2022-11-12 12:48:56', '2022-11-12 12:48:56'),
(748, 56, 122, '2022-11-12 12:48:56', '2022-11-12 12:48:56'),
(749, 66, 27, '2022-11-12 12:48:56', '2022-11-12 12:48:56'),
(750, 64, 102, '2022-11-12 12:48:56', '2022-11-12 12:48:56'),
(751, 76, 32, '2022-11-12 12:48:56', '2022-11-12 12:48:56'),
(752, 154, 98, '2022-11-12 12:48:56', '2022-11-12 12:48:56'),
(753, 152, 97, '2022-11-12 12:48:56', '2022-11-12 12:48:56'),
(754, 93, 76, '2022-11-12 12:48:56', '2022-11-12 12:48:56'),
(755, 73, 87, '2022-11-12 12:48:56', '2022-11-12 12:48:56'),
(756, 140, 34, '2022-11-12 12:48:56', '2022-11-12 12:48:56'),
(757, 15, 126, '2022-11-12 12:48:56', '2022-11-12 12:48:56'),
(758, 142, 103, '2022-11-12 12:48:56', '2022-11-12 12:48:56'),
(759, 82, 122, '2022-11-12 12:48:56', '2022-11-12 12:48:56'),
(760, 60, 129, '2022-11-12 12:48:56', '2022-11-12 12:48:56'),
(761, 30, 49, '2022-11-12 12:48:56', '2022-11-12 12:48:56'),
(762, 12, 22, '2022-11-12 12:48:56', '2022-11-12 12:48:56'),
(763, 17, 58, '2022-11-12 12:48:56', '2022-11-12 12:48:56'),
(764, 103, 32, '2022-11-12 12:48:56', '2022-11-12 12:48:56'),
(765, 37, 77, '2022-11-12 12:48:56', '2022-11-12 12:48:56'),
(766, 146, 91, '2022-11-12 12:48:56', '2022-11-12 12:48:56'),
(767, 123, 40, '2022-11-12 12:48:56', '2022-11-12 12:48:56'),
(768, 108, 32, '2022-11-12 12:48:56', '2022-11-12 12:48:56'),
(769, 101, 76, '2022-11-12 12:48:56', '2022-11-12 12:48:56'),
(770, 131, 32, '2022-11-12 12:48:56', '2022-11-12 12:48:56'),
(771, 67, 83, '2022-11-12 12:48:56', '2022-11-12 12:48:56'),
(772, 68, 36, '2022-11-12 12:48:56', '2022-11-12 12:48:56'),
(773, 56, 50, '2022-11-12 12:48:56', '2022-11-12 12:48:56'),
(774, 113, 104, '2022-11-12 12:48:56', '2022-11-12 12:48:56'),
(775, 64, 119, '2022-11-12 12:48:56', '2022-11-12 12:48:56'),
(776, 31, 55, '2022-11-12 12:48:56', '2022-11-12 12:48:56'),
(777, 138, 86, '2022-11-12 12:48:56', '2022-11-12 12:48:56'),
(778, 85, 57, '2022-11-12 12:48:56', '2022-11-12 12:48:56'),
(779, 114, 67, '2022-11-12 12:48:56', '2022-11-12 12:48:56'),
(780, 49, 31, '2022-11-12 12:48:56', '2022-11-12 12:48:56'),
(781, 16, 74, '2022-11-12 12:48:56', '2022-11-12 12:48:56'),
(782, 137, 94, '2022-11-12 12:48:56', '2022-11-12 12:48:56'),
(783, 85, 109, '2022-11-12 12:48:56', '2022-11-12 12:48:56'),
(784, 86, 109, '2022-11-12 12:48:56', '2022-11-12 12:48:56'),
(785, 90, 34, '2022-11-12 12:48:56', '2022-11-12 12:48:56'),
(786, 59, 92, '2022-11-12 12:48:56', '2022-11-12 12:48:56'),
(787, 94, 52, '2022-11-12 12:48:56', '2022-11-12 12:48:56'),
(788, 29, 123, '2022-11-12 12:48:56', '2022-11-12 12:48:56'),
(789, 46, 65, '2022-11-12 12:48:56', '2022-11-12 12:48:56'),
(790, 137, 55, '2022-11-12 12:48:56', '2022-11-12 12:48:56'),
(791, 83, 95, '2022-11-12 12:48:56', '2022-11-12 12:48:56'),
(792, 145, 57, '2022-11-12 12:48:56', '2022-11-12 12:48:56'),
(793, 148, 108, '2022-11-12 12:48:56', '2022-11-12 12:48:56'),
(795, 65, 106, '2022-11-12 12:48:56', '2022-11-12 12:48:56'),
(796, 17, 57, '2022-11-12 12:48:56', '2022-11-12 12:48:56'),
(797, 77, 37, '2022-11-12 12:48:56', '2022-11-12 12:48:56'),
(798, 12, 46, '2022-11-12 12:48:56', '2022-11-12 12:48:56'),
(799, 86, 101, '2022-11-12 12:48:56', '2022-11-12 12:48:56'),
(800, 97, 75, '2022-11-12 12:48:56', '2022-11-12 12:48:56'),
(802, 96, 60, '2022-11-12 12:48:56', '2022-11-12 12:48:56'),
(803, 16, 35, '2022-11-12 12:48:56', '2022-11-12 12:48:56'),
(804, 89, 81, '2022-11-12 12:48:56', '2022-11-12 12:48:56'),
(805, 72, 6, '2022-11-12 12:48:56', '2022-11-12 12:48:56'),
(806, 152, 23, '2022-11-12 12:48:56', '2022-11-12 12:48:56'),
(807, 48, 34, '2022-11-12 12:48:56', '2022-11-12 12:48:56'),
(808, 154, 100, '2022-11-12 12:48:56', '2022-11-12 12:48:56'),
(809, 139, 102, '2022-11-12 12:48:56', '2022-11-12 12:48:56'),
(810, 125, 44, '2022-11-12 12:48:56', '2022-11-12 12:48:56'),
(811, 145, 56, '2022-11-12 12:48:56', '2022-11-12 12:48:56'),
(812, 111, 36, '2022-11-12 12:48:56', '2022-11-12 12:48:56'),
(813, 97, 116, '2022-11-12 12:48:56', '2022-11-12 12:48:56'),
(814, 34, 58, '2022-11-12 12:48:56', '2022-11-12 12:48:56'),
(815, 149, 121, '2022-11-12 12:48:56', '2022-11-12 12:48:56'),
(816, 109, 50, '2022-11-12 12:48:56', '2022-11-12 12:48:56'),
(817, 78, 119, '2022-11-12 12:48:56', '2022-11-12 12:48:56'),
(818, 85, 118, '2022-11-12 12:48:56', '2022-11-12 12:48:56'),
(819, 11, 125, '2022-11-12 12:48:56', '2022-11-12 12:48:56'),
(820, 34, 108, '2022-11-12 12:48:56', '2022-11-12 12:48:56'),
(821, 116, 90, '2022-11-12 12:48:56', '2022-11-12 12:48:56'),
(822, 45, 5, '2022-11-12 12:48:56', '2022-11-12 12:48:56'),
(823, 104, 44, '2022-11-12 12:48:56', '2022-11-12 12:48:56'),
(824, 151, 45, '2022-11-12 12:48:56', '2022-11-12 12:48:56'),
(825, 136, 21, '2022-11-12 12:48:56', '2022-11-12 12:48:56'),
(826, 119, 104, '2022-11-12 12:48:56', '2022-11-12 12:48:56'),
(827, 145, 97, '2022-11-12 12:48:56', '2022-11-12 12:48:56'),
(828, 16, 76, '2022-11-12 12:48:56', '2022-11-12 12:48:56'),
(829, 39, 97, '2022-11-12 12:48:56', '2022-11-12 12:48:56'),
(830, 132, 80, '2022-11-12 12:48:56', '2022-11-12 12:48:56'),
(831, 154, 106, '2022-11-12 12:48:56', '2022-11-12 12:48:56'),
(832, 150, 91, '2022-11-12 12:48:56', '2022-11-12 12:48:56'),
(833, 81, 24, '2022-11-12 12:48:56', '2022-11-12 12:48:56'),
(834, 145, 99, '2022-11-12 12:48:56', '2022-11-12 12:48:56'),
(835, 128, 39, '2022-11-12 12:48:56', '2022-11-12 12:48:56'),
(836, 55, 61, '2022-11-12 12:48:56', '2022-11-12 12:48:56'),
(837, 149, 129, '2022-11-12 12:48:56', '2022-11-12 12:48:56'),
(838, 121, 88, '2022-11-12 12:48:56', '2022-11-12 12:48:56'),
(839, 150, 82, '2022-11-12 12:48:56', '2022-11-12 12:48:56'),
(840, 71, 89, '2022-11-12 12:48:56', '2022-11-12 12:48:56'),
(841, 50, 86, '2022-11-12 12:48:56', '2022-11-12 12:48:56'),
(842, 102, 97, '2022-11-12 12:48:56', '2022-11-12 12:48:56'),
(843, 31, 56, '2022-11-12 12:48:56', '2022-11-12 12:48:56'),
(844, 115, 66, '2022-11-12 12:48:56', '2022-11-12 12:48:56'),
(845, 138, 40, '2022-11-12 12:48:56', '2022-11-12 12:48:56'),
(846, 30, 87, '2022-11-12 12:48:56', '2022-11-12 12:48:56'),
(847, 82, 68, '2022-11-12 12:48:56', '2022-11-12 12:48:56'),
(848, 140, 82, '2022-11-12 12:48:56', '2022-11-12 12:48:56'),
(849, 156, 129, '2022-11-12 12:48:56', '2022-11-12 12:48:56'),
(850, 84, 103, '2022-11-12 12:48:56', '2022-11-12 12:48:56'),
(851, 43, 69, '2022-11-12 12:48:56', '2022-11-12 12:48:56'),
(852, 32, 55, '2022-11-12 12:48:56', '2022-11-12 12:48:56'),
(853, 53, 21, '2022-11-12 12:48:56', '2022-11-12 12:48:56'),
(854, 48, 21, '2022-11-12 12:48:56', '2022-11-12 12:48:56'),
(855, 145, 37, '2022-11-12 12:48:56', '2022-11-12 12:48:56'),
(856, 54, 22, '2022-11-12 12:48:56', '2022-11-12 12:48:56'),
(857, 88, 126, '2022-11-12 12:48:56', '2022-11-12 12:48:56'),
(858, 132, 75, '2022-11-12 12:48:56', '2022-11-12 12:48:56'),
(859, 53, 40, '2022-11-12 12:48:56', '2022-11-12 12:48:56'),
(860, 80, 23, '2022-11-12 12:48:56', '2022-11-12 12:48:56'),
(861, 30, 65, '2022-11-12 12:48:56', '2022-11-12 12:48:56'),
(862, 89, 123, '2022-11-12 12:48:56', '2022-11-12 12:48:56'),
(863, 39, 88, '2022-11-12 12:48:56', '2022-11-12 12:48:56'),
(864, 149, 79, '2022-11-12 12:48:56', '2022-11-12 12:48:56'),
(865, 116, 120, '2022-11-12 12:48:56', '2022-11-12 12:48:56'),
(866, 40, 44, '2022-11-12 12:48:56', '2022-11-12 12:48:56'),
(867, 109, 40, '2022-11-12 12:48:56', '2022-11-12 12:48:56'),
(868, 127, 123, '2022-11-12 12:48:56', '2022-11-12 12:48:56'),
(869, 95, 107, '2022-11-12 12:48:56', '2022-11-12 12:48:56'),
(870, 30, 68, '2022-11-12 12:48:56', '2022-11-12 12:48:56'),
(871, 54, 31, '2022-11-12 12:48:56', '2022-11-12 12:48:56'),
(872, 80, 64, '2022-11-12 12:48:56', '2022-11-12 12:48:56'),
(873, 124, 28, '2022-11-12 12:48:56', '2022-11-12 12:48:56'),
(874, 116, 25, '2022-11-12 12:48:56', '2022-11-12 12:48:56'),
(875, 43, 42, '2022-11-12 12:48:56', '2022-11-12 12:48:56'),
(876, 46, 78, '2022-11-12 12:48:56', '2022-11-12 12:48:56'),
(877, 131, 65, '2022-11-12 12:48:56', '2022-11-12 12:48:56'),
(878, 139, 24, '2022-11-12 12:48:56', '2022-11-12 12:48:56'),
(879, 47, 28, '2022-11-12 12:48:56', '2022-11-12 12:48:56'),
(880, 37, 101, '2022-11-12 12:48:56', '2022-11-12 12:48:56'),
(881, 32, 71, '2022-11-12 12:48:56', '2022-11-12 12:48:56'),
(882, 61, 87, '2022-11-12 12:48:56', '2022-11-12 12:48:56'),
(883, 153, 32, '2022-11-12 12:48:56', '2022-11-12 12:48:56'),
(884, 73, 28, '2022-11-12 12:48:56', '2022-11-12 12:48:56'),
(885, 32, 44, '2022-11-12 12:48:56', '2022-11-12 12:48:56'),
(886, 64, 30, '2022-11-12 12:48:56', '2022-11-12 12:48:56'),
(887, 67, 103, '2022-11-12 12:48:56', '2022-11-12 12:48:56'),
(888, 111, 25, '2022-11-12 12:48:56', '2022-11-12 12:48:56'),
(889, 156, 4, '2022-11-12 12:48:56', '2022-11-12 12:48:56'),
(890, 48, 94, '2022-11-12 12:48:56', '2022-11-12 12:48:56'),
(891, 117, 112, '2022-11-12 12:48:56', '2022-11-12 12:48:56'),
(892, 80, 60, '2022-11-12 12:48:56', '2022-11-12 12:48:56'),
(893, 151, 87, '2022-11-12 12:48:56', '2022-11-12 12:48:56'),
(894, 38, 74, '2022-11-12 12:48:56', '2022-11-12 12:48:56'),
(895, 83, 52, '2022-11-12 12:48:56', '2022-11-12 12:48:56'),
(896, 49, 93, '2022-11-12 12:48:56', '2022-11-12 12:48:56'),
(897, 113, 48, '2022-11-12 12:48:56', '2022-11-12 12:48:56'),
(898, 42, 61, '2022-11-12 12:48:56', '2022-11-12 12:48:56'),
(899, 99, 37, '2022-11-12 12:48:56', '2022-11-12 12:48:56'),
(900, 125, 30, '2022-11-12 12:48:56', '2022-11-12 12:48:56'),
(901, 39, 58, '2022-11-12 12:48:56', '2022-11-12 12:48:56'),
(902, 100, 48, '2022-11-12 12:48:56', '2022-11-12 12:48:56'),
(903, 61, 35, '2022-11-12 12:48:56', '2022-11-12 12:48:56'),
(904, 58, 64, '2022-11-12 12:48:56', '2022-11-12 12:48:56'),
(905, 40, 107, '2022-11-12 12:48:56', '2022-11-12 12:48:56'),
(906, 41, 35, '2022-11-12 12:48:56', '2022-11-12 12:48:56'),
(907, 48, 69, '2022-11-12 12:48:56', '2022-11-12 12:48:56'),
(908, 153, 28, '2022-11-12 12:48:56', '2022-11-12 12:48:56'),
(909, 58, 121, '2022-11-12 12:48:56', '2022-11-12 12:48:56'),
(910, 84, 128, '2022-11-12 12:48:56', '2022-11-12 12:48:56'),
(911, 97, 66, '2022-11-12 12:48:56', '2022-11-12 12:48:56'),
(912, 37, 50, '2022-11-12 12:48:56', '2022-11-12 12:48:56'),
(913, 60, 124, '2022-11-12 12:48:56', '2022-11-12 12:48:56'),
(914, 89, 62, '2022-11-12 12:48:56', '2022-11-12 12:48:56'),
(915, 126, 50, '2022-11-12 12:48:56', '2022-11-12 12:48:56'),
(916, 15, 113, '2022-11-12 12:48:56', '2022-11-12 12:48:56'),
(917, 76, 96, '2022-11-12 12:48:56', '2022-11-12 12:48:56'),
(918, 77, 60, '2022-11-12 12:48:56', '2022-11-12 12:48:56'),
(919, 104, 121, '2022-11-12 12:48:56', '2022-11-12 12:48:56'),
(920, 135, 52, '2022-11-12 12:48:56', '2022-11-12 12:48:56'),
(921, 108, 109, '2022-11-12 12:48:56', '2022-11-12 12:48:56'),
(922, 97, 43, '2022-11-12 12:48:56', '2022-11-12 12:48:56'),
(923, 108, 42, '2022-11-12 12:48:56', '2022-11-12 12:48:56'),
(924, 146, 50, '2022-11-12 12:48:56', '2022-11-12 12:48:56'),
(925, 98, 56, '2022-11-12 12:48:56', '2022-11-12 12:48:56'),
(926, 39, 101, '2022-11-12 12:48:56', '2022-11-12 12:48:56'),
(927, 140, 60, '2022-11-12 12:48:56', '2022-11-12 12:48:56'),
(928, 98, 22, '2022-11-12 12:48:56', '2022-11-12 12:48:56'),
(929, 97, 119, '2022-11-12 12:48:56', '2022-11-12 12:48:56'),
(930, 54, 55, '2022-11-12 12:48:56', '2022-11-12 12:48:56'),
(931, 92, 51, '2022-11-12 12:48:56', '2022-11-12 12:48:56'),
(932, 99, 60, '2022-11-12 12:48:56', '2022-11-12 12:48:56'),
(933, 58, 92, '2022-11-12 12:48:56', '2022-11-12 12:48:56'),
(934, 156, 38, '2022-11-12 12:48:56', '2022-11-12 12:48:56'),
(935, 53, 97, '2022-11-12 12:48:56', '2022-11-12 12:48:56'),
(936, 101, 37, '2022-11-12 12:48:56', '2022-11-12 12:48:56'),
(937, 143, 53, '2022-11-12 12:48:56', '2022-11-12 12:48:56'),
(938, 81, 84, '2022-11-12 12:48:56', '2022-11-12 12:48:56'),
(939, 142, 108, '2022-11-12 12:48:56', '2022-11-12 12:48:56'),
(940, 54, 49, '2022-11-12 12:48:56', '2022-11-12 12:48:56'),
(941, 85, 100, '2022-11-12 12:48:56', '2022-11-12 12:48:56'),
(942, 82, 99, '2022-11-12 12:48:56', '2022-11-12 12:48:56'),
(943, 138, 87, '2022-11-12 12:48:56', '2022-11-12 12:48:56'),
(944, 111, 95, '2022-11-12 12:48:56', '2022-11-12 12:48:56'),
(945, 99, 128, '2022-11-12 12:48:56', '2022-11-12 12:48:56'),
(946, 79, 6, '2022-11-12 12:48:56', '2022-11-12 12:48:56'),
(947, 101, 127, '2022-11-12 12:48:56', '2022-11-12 12:48:56'),
(948, 37, 110, '2022-11-12 12:48:56', '2022-11-12 12:48:56'),
(949, 35, 34, '2022-11-12 12:48:56', '2022-11-12 12:48:56'),
(950, 51, 125, '2022-11-12 12:48:56', '2022-11-12 12:48:56'),
(951, 149, 130, '2022-11-12 12:48:56', '2022-11-12 12:48:56'),
(952, 110, 55, '2022-11-12 12:48:56', '2022-11-12 12:48:56'),
(953, 91, 93, '2022-11-12 12:48:56', '2022-11-12 12:48:56'),
(954, 85, 35, '2022-11-12 12:48:56', '2022-11-12 12:48:56'),
(955, 124, 68, '2022-11-12 12:48:56', '2022-11-12 12:48:56'),
(956, 111, 80, '2022-11-12 12:48:56', '2022-11-12 12:48:56'),
(957, 69, 116, '2022-11-12 12:48:56', '2022-11-12 12:48:56'),
(958, 74, 66, '2022-11-12 12:48:56', '2022-11-12 12:48:56'),
(959, 52, 52, '2022-11-12 12:48:56', '2022-11-12 12:48:56'),
(960, 57, 40, '2022-11-12 12:48:56', '2022-11-12 12:48:56'),
(961, 31, 100, '2022-11-12 12:48:56', '2022-11-12 12:48:56'),
(962, 34, 23, '2022-11-12 12:48:56', '2022-11-12 12:48:56'),
(963, 135, 54, '2022-11-12 12:48:56', '2022-11-12 12:48:56'),
(964, 36, 34, '2022-11-12 12:48:56', '2022-11-12 12:48:56'),
(965, 111, 39, '2022-11-12 12:48:56', '2022-11-12 12:48:56'),
(966, 35, 41, '2022-11-12 12:48:56', '2022-11-12 12:48:56'),
(967, 30, 106, '2022-11-12 12:48:56', '2022-11-12 12:48:56'),
(968, 125, 43, '2022-11-12 12:48:56', '2022-11-12 12:48:56'),
(969, 112, 50, '2022-11-12 12:48:56', '2022-11-12 12:48:56'),
(970, 106, 130, '2022-11-12 12:48:56', '2022-11-12 12:48:56'),
(971, 133, 127, '2022-11-12 12:48:56', '2022-11-12 12:48:56'),
(972, 106, 29, '2022-11-12 12:48:56', '2022-11-12 12:48:56'),
(973, 102, 35, '2022-11-12 12:48:56', '2022-11-12 12:48:56'),
(974, 109, 53, '2022-11-12 12:48:56', '2022-11-12 12:48:56'),
(975, 133, 4, '2022-11-12 12:48:56', '2022-11-12 12:48:56'),
(976, 72, 33, '2022-11-12 12:48:56', '2022-11-12 12:48:56'),
(977, 130, 83, '2022-11-12 12:48:56', '2022-11-12 12:48:56'),
(978, 111, 34, '2022-11-12 12:48:56', '2022-11-12 12:48:56'),
(979, 106, 52, '2022-11-12 12:48:56', '2022-11-12 12:48:56'),
(980, 43, 22, '2022-11-12 12:48:56', '2022-11-12 12:48:56'),
(981, 33, 46, '2022-11-12 12:48:56', '2022-11-12 12:48:56'),
(982, 72, 98, '2022-11-12 12:48:56', '2022-11-12 12:48:56'),
(983, 65, 91, '2022-11-12 12:48:56', '2022-11-12 12:48:56'),
(984, 73, 31, '2022-11-12 12:48:56', '2022-11-12 12:48:56'),
(985, 27, 121, '2022-11-12 12:48:56', '2022-11-12 12:48:56'),
(986, 149, 71, '2022-11-12 12:48:56', '2022-11-12 12:48:56'),
(987, 90, 83, '2022-11-12 12:48:56', '2022-11-12 12:48:56'),
(988, 45, 52, '2022-11-12 12:48:56', '2022-11-12 12:48:56'),
(989, 50, 59, '2022-11-12 12:48:56', '2022-11-12 12:48:56'),
(990, 11, 57, '2022-11-12 12:48:56', '2022-11-12 12:48:56'),
(991, 66, 28, '2022-11-12 12:48:56', '2022-11-12 12:48:56'),
(992, 49, 112, '2022-11-12 12:48:56', '2022-11-12 12:48:56'),
(993, 89, 84, '2022-11-12 12:48:56', '2022-11-12 12:48:56'),
(994, 43, 98, '2022-11-12 12:48:56', '2022-11-12 12:48:56'),
(995, 55, 72, '2022-11-12 12:48:56', '2022-11-12 12:48:56'),
(996, 66, 106, '2022-11-12 12:48:56', '2022-11-12 12:48:56'),
(997, 64, 97, '2022-11-12 12:48:56', '2022-11-12 12:48:56'),
(998, 121, 84, '2022-11-12 12:48:56', '2022-11-12 12:48:56'),
(999, 83, 86, '2022-11-12 12:48:56', '2022-11-12 12:48:56'),
(1000, 62, 63, '2022-11-12 12:48:56', '2022-11-12 12:48:56'),
(1001, 120, 21, '2022-11-12 12:48:56', '2022-11-12 12:48:56'),
(1002, 35, 101, '2022-11-12 12:48:56', '2022-11-12 12:48:56'),
(1003, 95, 5, '2022-11-12 12:48:56', '2022-11-12 12:48:56'),
(1004, 46, 129, '2022-11-12 12:48:56', '2022-11-12 12:48:56'),
(1005, 66, 61, '2022-11-12 12:48:56', '2022-11-12 12:48:56'),
(1006, 122, 5, '2022-11-12 12:48:56', '2022-11-12 12:48:56'),
(1007, 121, 59, '2022-11-12 12:48:56', '2022-11-12 12:48:56'),
(1008, 135, 75, '2022-11-12 12:48:56', '2022-11-12 12:48:56'),
(1009, 46, 43, '2022-11-12 12:48:56', '2022-11-12 12:48:56'),
(1010, 142, 44, '2022-11-12 12:48:56', '2022-11-12 12:48:56'),
(1011, 89, 97, '2022-11-12 12:48:56', '2022-11-12 12:48:56'),
(1012, 48, 110, '2022-11-12 12:48:56', '2022-11-12 12:48:56'),
(1014, 81, 83, '2022-11-12 12:48:56', '2022-11-12 12:48:56'),
(1015, 16, 51, '2022-11-12 12:48:56', '2022-11-12 12:48:56'),
(1016, 121, 128, '2022-11-12 12:48:56', '2022-11-12 12:48:56'),
(1017, 144, 112, '2022-11-12 12:48:56', '2022-11-12 12:48:56'),
(1018, 16, 28, '2022-11-12 12:48:56', '2022-11-12 12:48:56'),
(1019, 55, 124, '2022-11-12 12:48:56', '2022-11-12 12:48:56'),
(1020, 71, 96, '2022-11-12 12:48:56', '2022-11-12 12:48:56'),
(1021, 27, 126, '2022-11-12 12:48:56', '2022-11-12 12:48:56'),
(1022, 30, 130, '2022-11-12 12:48:56', '2022-11-12 12:48:56'),
(1023, 131, 48, '2022-11-12 12:48:56', '2022-11-12 12:48:56'),
(1024, 141, 111, '2022-11-12 12:48:56', '2022-11-12 12:48:56'),
(1025, 96, 122, '2022-11-12 12:48:56', '2022-11-12 12:48:56'),
(1026, 109, 104, '2022-11-12 12:48:56', '2022-11-12 12:48:56'),
(1027, 138, 87, '2022-11-12 12:48:56', '2022-11-12 12:48:56'),
(1028, 108, 66, '2022-11-12 12:48:56', '2022-11-12 12:48:56'),
(1029, 120, 74, '2022-11-12 12:48:56', '2022-11-12 12:48:56'),
(1030, 13, 65, '2022-11-12 12:48:56', '2022-11-12 12:48:56'),
(1031, 52, 41, '2022-11-12 12:48:56', '2022-11-12 12:48:56'),
(1033, 87, 86, '2022-11-12 12:48:56', '2022-11-12 12:48:56'),
(1034, 140, 47, '2022-11-12 12:48:56', '2022-11-12 12:48:56'),
(1035, 148, 124, '2022-11-12 12:48:56', '2022-11-12 12:48:56'),
(1036, 29, 23, '2022-11-12 12:48:56', '2022-11-12 12:48:56'),
(1037, 67, 42, '2022-11-12 12:48:56', '2022-11-12 12:48:56'),
(1038, 129, 38, '2022-11-12 12:48:56', '2022-11-12 12:48:56'),
(1039, 112, 40, '2022-11-12 12:48:56', '2022-11-12 12:48:56'),
(1040, 124, 123, '2022-11-12 12:48:56', '2022-11-12 12:48:56'),
(1041, 150, 69, '2022-11-12 12:48:56', '2022-11-12 12:48:56'),
(1042, 32, 109, '2022-11-12 12:48:56', '2022-11-12 12:48:56'),
(1043, 91, 54, '2022-11-12 12:48:56', '2022-11-12 12:48:56'),
(1044, 140, 122, '2022-11-12 12:48:56', '2022-11-12 12:48:56'),
(1045, 84, 118, '2022-11-12 12:48:56', '2022-11-12 12:48:56'),
(1046, 65, 81, '2022-11-12 12:48:56', '2022-11-12 12:48:56'),
(1047, 12, 89, '2022-11-12 12:48:56', '2022-11-12 12:48:56'),
(1048, 114, 86, '2022-11-12 12:48:56', '2022-11-12 12:48:56'),
(1049, 102, 76, '2022-11-12 12:48:56', '2022-11-12 12:48:56'),
(1050, 34, 4, '2022-11-12 12:48:56', '2022-11-12 12:48:56'),
(1051, 85, 105, '2022-11-12 12:48:56', '2022-11-12 12:48:56'),
(1052, 42, 84, '2022-11-12 12:48:56', '2022-11-12 12:48:56'),
(1053, 69, 57, '2022-11-12 12:48:56', '2022-11-12 12:48:56'),
(1054, 52, 56, '2022-11-12 12:48:56', '2022-11-12 12:48:56'),
(1055, 110, 97, '2022-11-12 12:48:56', '2022-11-12 12:48:56'),
(1056, 33, 91, '2022-11-12 12:48:56', '2022-11-12 12:48:56'),
(1057, 107, 71, '2022-11-12 12:48:56', '2022-11-12 12:48:56'),
(1058, 71, 90, '2022-11-12 12:48:56', '2022-11-12 12:48:56'),
(1059, 54, 28, '2022-11-12 12:48:56', '2022-11-12 12:48:56'),
(1060, 42, 79, '2022-11-12 12:48:56', '2022-11-12 12:48:56'),
(1061, 140, 126, '2022-11-12 12:48:56', '2022-11-12 12:48:56'),
(1062, 138, 31, '2022-11-12 12:48:56', '2022-11-12 12:48:56'),
(1063, 118, 78, '2022-11-12 12:48:56', '2022-11-12 12:48:56'),
(1064, 80, 103, '2022-11-12 12:48:56', '2022-11-12 12:48:56'),
(1065, 58, 69, '2022-11-12 12:48:56', '2022-11-12 12:48:56'),
(1066, 94, 29, '2022-11-12 12:48:56', '2022-11-12 12:48:56'),
(1067, 142, 73, '2022-11-12 12:48:56', '2022-11-12 12:48:56'),
(1068, 148, 127, '2022-11-12 12:48:56', '2022-11-12 12:48:56'),
(1069, 79, 36, '2022-11-12 12:48:56', '2022-11-12 12:48:56'),
(1070, 130, 65, '2022-11-12 12:48:56', '2022-11-12 12:48:56'),
(1071, 92, 36, '2022-11-12 12:48:56', '2022-11-12 12:48:56'),
(1072, 70, 106, '2022-11-12 12:48:56', '2022-11-12 12:48:56'),
(1073, 27, 55, '2022-11-12 12:48:56', '2022-11-12 12:48:56'),
(1074, 111, 110, '2022-11-12 12:48:56', '2022-11-12 12:48:56'),
(1075, 43, 63, '2022-11-12 12:48:56', '2022-11-12 12:48:56'),
(1076, 58, 84, '2022-11-12 12:48:56', '2022-11-12 12:48:56'),
(1077, 131, 46, '2022-11-12 12:48:56', '2022-11-12 12:48:56'),
(1078, 84, 60, '2022-11-12 12:48:56', '2022-11-12 12:48:56'),
(1079, 88, 97, '2022-11-12 12:48:56', '2022-11-12 12:48:56'),
(1080, 155, 90, '2022-11-12 12:48:56', '2022-11-12 12:48:56'),
(1081, 101, 34, '2022-11-12 12:48:56', '2022-11-12 12:48:56'),
(1082, 58, 102, '2022-11-12 12:48:56', '2022-11-12 12:48:56'),
(1083, 43, 70, '2022-11-12 12:48:56', '2022-11-12 12:48:56'),
(1084, 30, 115, '2022-11-12 12:48:56', '2022-11-12 12:48:56'),
(1085, 32, 92, '2022-11-12 12:48:56', '2022-11-12 12:48:56'),
(1086, 135, 116, '2022-11-12 12:48:56', '2022-11-12 12:48:56'),
(1087, 63, 53, '2022-11-12 12:48:56', '2022-11-12 12:48:56'),
(1088, 141, 104, '2022-11-12 12:48:56', '2022-11-12 12:48:56'),
(1089, 138, 130, '2022-11-12 12:48:56', '2022-11-12 12:48:56'),
(1090, 29, 110, '2022-11-12 12:48:56', '2022-11-12 12:48:56'),
(1091, 156, 32, '2022-11-12 12:48:56', '2022-11-12 12:48:56'),
(1092, 16, 109, '2022-11-12 12:48:56', '2022-11-12 12:48:56'),
(1093, 96, 82, '2022-11-12 12:48:56', '2022-11-12 12:48:56'),
(1094, 156, 95, '2022-11-12 12:48:56', '2022-11-12 12:48:56'),
(1095, 101, 40, '2022-11-12 12:48:56', '2022-11-12 12:48:56'),
(1096, 11, 61, '2022-11-12 12:48:56', '2022-11-12 12:48:56'),
(1097, 60, 34, '2022-11-12 12:48:56', '2022-11-12 12:48:56'),
(1098, 117, 25, '2022-11-12 12:48:56', '2022-11-12 12:48:56'),
(1099, 62, 101, '2022-11-12 12:48:56', '2022-11-12 12:48:56'),
(1100, 65, 63, '2022-11-12 12:48:56', '2022-11-12 12:48:56'),
(1101, 43, 43, '2022-11-12 12:48:56', '2022-11-12 12:48:56'),
(1102, 128, 38, '2022-11-12 12:48:56', '2022-11-12 12:48:56'),
(1103, 137, 97, '2022-11-12 12:48:56', '2022-11-12 12:48:56'),
(1104, 149, 90, '2022-11-12 12:48:56', '2022-11-12 12:48:56'),
(1105, 29, 91, '2022-11-12 12:48:56', '2022-11-12 12:48:56'),
(1106, 102, 71, '2022-11-12 12:48:56', '2022-11-12 12:48:56'),
(1107, 107, 88, '2022-11-12 12:48:56', '2022-11-12 12:48:56'),
(1108, 69, 122, '2022-11-12 12:48:56', '2022-11-12 12:48:56'),
(1109, 91, 70, '2022-11-12 12:48:56', '2022-11-12 12:48:56'),
(1110, 84, 79, '2022-11-12 12:48:56', '2022-11-12 12:48:56'),
(1111, 99, 35, '2022-11-12 12:48:56', '2022-11-12 12:48:56'),
(1112, 64, 104, '2022-11-12 12:48:56', '2022-11-12 12:48:56'),
(1113, 122, 103, '2022-11-12 12:48:56', '2022-11-12 12:48:56'),
(1114, 135, 43, '2022-11-12 12:48:56', '2022-11-12 12:48:56'),
(1115, 34, 62, '2022-11-12 12:48:56', '2022-11-12 12:48:56'),
(1116, 54, 45, '2022-11-12 12:48:56', '2022-11-12 12:48:56'),
(1117, 71, 98, '2022-11-12 12:48:56', '2022-11-12 12:48:56'),
(1118, 57, 75, '2022-11-12 12:48:56', '2022-11-12 12:48:56'),
(1119, 148, 73, '2022-11-12 12:48:56', '2022-11-12 12:48:56'),
(1120, 126, 28, '2022-11-12 12:48:56', '2022-11-12 12:48:56'),
(1121, 122, 60, '2022-11-12 12:48:56', '2022-11-12 12:48:56'),
(1122, 34, 114, '2022-11-12 12:48:56', '2022-11-12 12:48:56'),
(1123, 126, 22, '2022-11-12 12:48:56', '2022-11-12 12:48:56'),
(1124, 37, 40, '2022-11-12 12:48:56', '2022-11-12 12:48:56'),
(1125, 137, 80, '2022-11-12 12:48:56', '2022-11-12 12:48:56'),
(1126, 102, 50, '2022-11-12 12:48:56', '2022-11-12 12:48:56'),
(1127, 56, 112, '2022-11-12 12:48:56', '2022-11-12 12:48:56'),
(1128, 71, 81, '2022-11-12 12:48:56', '2022-11-12 12:48:56'),
(1129, 111, 98, '2022-11-12 12:48:56', '2022-11-12 12:48:56'),
(1130, 75, 46, '2022-11-12 12:48:56', '2022-11-12 12:48:56'),
(1131, 105, 58, '2022-11-12 12:48:56', '2022-11-12 12:48:56'),
(1132, 58, 55, '2022-11-12 12:48:56', '2022-11-12 12:48:56'),
(1133, 121, 35, '2022-11-12 12:48:56', '2022-11-12 12:48:56'),
(1134, 143, 66, '2022-11-12 12:48:56', '2022-11-12 12:48:56'),
(1135, 119, 72, '2022-11-12 12:48:56', '2022-11-12 12:48:56'),
(1136, 154, 28, '2022-11-12 12:48:56', '2022-11-12 12:48:56'),
(1137, 152, 66, '2022-11-12 12:48:56', '2022-11-12 12:48:56'),
(1138, 31, 29, '2022-11-12 12:48:56', '2022-11-12 12:48:56'),
(1139, 139, 129, '2022-11-12 12:48:56', '2022-11-12 12:48:56'),
(1140, 80, 5, '2022-11-12 12:48:56', '2022-11-12 12:48:56'),
(1141, 144, 50, '2022-11-12 12:48:56', '2022-11-12 12:48:56'),
(1142, 88, 51, '2022-11-12 12:48:56', '2022-11-12 12:48:56'),
(1143, 139, 71, '2022-11-12 12:48:56', '2022-11-12 12:48:56'),
(1144, 27, 103, '2022-11-12 12:48:56', '2022-11-12 12:48:56'),
(1145, 136, 66, '2022-11-12 12:48:56', '2022-11-12 12:48:56'),
(1146, 110, 55, '2022-11-12 12:48:56', '2022-11-12 12:48:56'),
(1147, 62, 62, '2022-11-12 12:48:56', '2022-11-12 12:48:56'),
(1148, 94, 30, '2022-11-12 12:48:56', '2022-11-12 12:48:56'),
(1149, 127, 84, '2022-11-12 12:48:56', '2022-11-12 12:48:56'),
(1150, 128, 65, '2022-11-12 12:48:56', '2022-11-12 12:48:56'),
(1151, 100, 125, '2022-11-12 12:48:56', '2022-11-12 12:48:56'),
(1152, 54, 95, '2022-11-12 12:48:56', '2022-11-12 12:48:56'),
(1153, 132, 92, '2022-11-12 12:48:56', '2022-11-12 12:48:56'),
(1154, 62, 118, '2022-11-12 12:48:56', '2022-11-12 12:48:56'),
(1155, 47, 59, '2022-11-12 12:48:56', '2022-11-12 12:48:56'),
(1156, 51, 64, '2022-11-12 12:48:56', '2022-11-12 12:48:56'),
(1157, 116, 46, '2022-11-12 12:48:56', '2022-11-12 12:48:56'),
(1158, 94, 64, '2022-11-12 12:48:56', '2022-11-12 12:48:56'),
(1159, 67, 34, '2022-11-12 12:48:56', '2022-11-12 12:48:56'),
(1160, 134, 90, '2022-11-12 12:48:56', '2022-11-12 12:48:56'),
(1161, 138, 4, '2022-11-12 12:48:56', '2022-11-12 12:48:56'),
(1162, 104, 24, '2022-11-12 12:48:56', '2022-11-12 12:48:56'),
(1163, 119, 39, '2022-11-12 12:48:56', '2022-11-12 12:48:56'),
(1164, 31, 122, '2022-11-12 12:48:56', '2022-11-12 12:48:56'),
(1165, 16, 126, '2022-11-12 12:48:56', '2022-11-12 12:48:56'),
(1166, 87, 52, '2022-11-12 12:48:56', '2022-11-12 12:48:56'),
(1167, 45, 54, '2022-11-12 12:48:56', '2022-11-12 12:48:56'),
(1168, 15, 79, '2022-11-12 12:48:56', '2022-11-12 12:48:56'),
(1169, 62, 31, '2022-11-12 12:48:56', '2022-11-12 12:48:56'),
(1170, 44, 65, '2022-11-12 12:48:56', '2022-11-12 12:48:56'),
(1171, 103, 43, '2022-11-12 12:48:56', '2022-11-12 12:48:56'),
(1172, 12, 114, '2022-11-12 12:48:56', '2022-11-12 12:48:56'),
(1173, 41, 54, '2022-11-12 12:48:56', '2022-11-12 12:48:56');

-- --------------------------------------------------------

--
-- Структура таблицы `migrations`
--

CREATE TABLE `migrations` (
  `id` int UNSIGNED NOT NULL,
  `migration` varchar(255) COLLATE utf8mb4_unicode_ci NOT NULL,
  `batch` int NOT NULL
) ENGINE=InnoDB DEFAULT CHARSET=utf8mb4 COLLATE=utf8mb4_unicode_ci;

--
-- Дамп данных таблицы `migrations`
--

INSERT INTO `migrations` (`id`, `migration`, `batch`) VALUES
(1, '2014_10_12_000000_create_users_table', 1),
(2, '2014_10_12_100000_create_password_resets_table', 1),
(3, '2019_08_19_000000_create_failed_jobs_table', 1),
(4, '2019_12_14_000001_create_personal_access_tokens_table', 1),
(6, '2022_11_06_175202_create_roles_table', 2),
(8, '2022_11_06_175933_create_posts_table', 3),
(14, '2022_11_06_180518_add_columns_role_avatar_age_gender_to_users_table', 4),
(16, '2022_11_07_094027_create_subscriptions_table', 5),
(17, '2022_11_07_121042_create_categories_table', 6),
(18, '2022_11_07_122351_create_tags_table', 7),
(20, '2022_11_07_122536_create_post_tags_table', 8),
(22, '2022_11_07_123203_add_column_category_id_to_posts_table', 9),
(24, '2022_11_07_161454_create_likes_table', 10),
(27, '2022_11_07_171530_create_comments_table', 11),
(29, '2022_11_07_182442_add_column_access_level_to_roles_table', 12),
(30, '2022_11_08_073136_create_settings_table', 13),
(32, '2022_11_11_155123_update_column_avatar_in_users_table', 14);

-- --------------------------------------------------------

--
-- Структура таблицы `password_resets`
--

CREATE TABLE `password_resets` (
  `email` varchar(255) COLLATE utf8mb4_unicode_ci NOT NULL,
  `token` varchar(255) COLLATE utf8mb4_unicode_ci NOT NULL,
  `created_at` timestamp NULL DEFAULT NULL
) ENGINE=InnoDB DEFAULT CHARSET=utf8mb4 COLLATE=utf8mb4_unicode_ci;

--
-- Дамп данных таблицы `password_resets`
--

INSERT INTO `password_resets` (`email`, `token`, `created_at`) VALUES
('admin@mail.ru', '$2y$10$5P0SeqChxMfdN4ctCidnQe5bmWQJGkVxgIVYYibOB6Dmi7PMM8uqS', '2022-11-08 10:26:00');

-- --------------------------------------------------------

--
-- Структура таблицы `personal_access_tokens`
--

CREATE TABLE `personal_access_tokens` (
  `id` bigint UNSIGNED NOT NULL,
  `tokenable_type` varchar(255) COLLATE utf8mb4_unicode_ci NOT NULL,
  `tokenable_id` bigint UNSIGNED NOT NULL,
  `name` varchar(255) COLLATE utf8mb4_unicode_ci NOT NULL,
  `token` varchar(64) COLLATE utf8mb4_unicode_ci NOT NULL,
  `abilities` text COLLATE utf8mb4_unicode_ci,
  `last_used_at` timestamp NULL DEFAULT NULL,
  `expires_at` timestamp NULL DEFAULT NULL,
  `created_at` timestamp NULL DEFAULT NULL,
  `updated_at` timestamp NULL DEFAULT NULL
) ENGINE=InnoDB DEFAULT CHARSET=utf8mb4 COLLATE=utf8mb4_unicode_ci;

-- --------------------------------------------------------

--
-- Структура таблицы `posts`
--

CREATE TABLE `posts` (
  `id` bigint UNSIGNED NOT NULL,
  `title` varchar(255) COLLATE utf8mb4_unicode_ci NOT NULL,
  `content` text COLLATE utf8mb4_unicode_ci NOT NULL,
  `user_id` bigint UNSIGNED NOT NULL,
  `created_at` timestamp NULL DEFAULT NULL,
  `updated_at` timestamp NULL DEFAULT NULL,
  `category_id` bigint UNSIGNED DEFAULT NULL
) ENGINE=InnoDB DEFAULT CHARSET=utf8mb4 COLLATE=utf8mb4_unicode_ci;

--
-- Дамп данных таблицы `posts`
--

INSERT INTO `posts` (`id`, `title`, `content`, `user_id`, `created_at`, `updated_at`, `category_id`) VALUES
(4, 'PostPostPostPost', 'texttexttexttexttexttexttexttexttexttexttexttexttexttexttexttexttexttexttexttexttexttexttexttexttexttexttexttexttexttexttexttexttexttexttexttexttexttexttexttexttexttexttexttexttexttexttexttexttexttexttexttexttexttexttexttexttexttexttexttexttexttexttexttexttexttexttexttexttexttexttexttexttexttexttexttexttexttexttexttext', 11, '2022-11-07 11:31:09', '2022-11-07 11:31:09', 4),
(5, 'one post :)))', 'hehehehehhehehehehehehehehhehehehe\r\nhehehehehhehehehehehehehehhehehehehehehehehhehehehehehehehehhehehehehehehehehhehehehehehehehehhehehehehehehehehhehehehehehehehehhehehehehehehehehhehehehehehehehehhehehehehehehehehhehehehe', 11, '2022-11-07 11:31:40', '2022-11-07 11:31:40', 4),
(6, 'and another one!', 'eeeeeeeeeeeeeeeeeeeeeee', 11, '2022-11-07 11:35:52', '2022-11-07 11:35:52', NULL),
(7, 'The very new post', 'text, just texxxxxxxxxxxxxxxxxxxxxxxxxxxxxxxxxxxxxxxxxxxxxxxxxxxxxxxxxt', 15, '2022-11-09 10:20:46', '2022-11-09 10:20:46', NULL),
(21, 'Five, \'and I\'ll tell him--it.', 'Alice. \'Come on, then,\' said Alice, who was a dispute going on shrinking rapidly: she soon made out the proper way of escape, and wondering whether she could get away without being invited,\' said the Cat. \'--so long as you liked.\' \'Is that the poor.', 12, '2022-11-06 11:25:55', '2022-11-06 11:25:55', 1),
(22, 'For, you see, because some.', 'Queen, pointing to Alice an excellent opportunity for making her escape; so she began shrinking directly. As soon as it was certainly not becoming. \'And that\'s the jury, of course--\"I GAVE HER ONE, THEY GAVE HIM TWO--\" why, that must be what he did.', 30, '2022-11-06 11:25:55', '2022-11-06 11:25:55', 1),
(23, 'Alice, \'to pretend to be.', 'Him, and ourselves, and it. Don\'t let me help to undo it!\' \'I shall sit here,\' he said, turning to Alice, they all stopped and looked at the door--I do wish I hadn\'t to bring but one; Bill\'s got the other--Bill! fetch it back!\' \'And who are THESE?\'.', 33, '2022-11-06 11:25:55', '2022-11-06 11:25:55', 4),
(24, 'TWO--\" why, that must be.', 'She had already heard her voice close to them, they were lying on their hands and feet, to make it stop. \'Well, I\'d hardly finished the guinea-pigs!\' thought Alice. \'I mean what I was going off into a small passage, not much larger than a pig, my.', 44, '2022-11-06 11:25:55', '2022-11-06 11:25:55', 4),
(25, 'WAS a curious croquet-ground.', 'So Alice got up and throw us, with the bread-knife.\' The March Hare interrupted, yawning. \'I\'m getting tired of being such a hurry to get through was more than that, if you drink much from a bottle marked \'poison,\' so Alice went on, turning to.', 17, '2022-11-06 11:25:55', '2022-11-06 11:25:55', 4),
(26, 'Queen said severely \'Who is.', 'Mouse, who was talking. Alice could bear: she got to do,\' said the Caterpillar. \'Not QUITE right, I\'m afraid,\' said Alice, rather alarmed at the corners: next the ten courtiers; these were ornamented all over with diamonds, and walked off; the.', 16, '2022-11-06 11:25:55', '2022-11-06 11:25:55', 4),
(27, 'The first question of course.', 'Because he knows it teases.\' CHORUS. (In which the words all coming different, and then they both cried. \'Wake up, Dormouse!\' And they pinched it on both sides of it, and then hurried on, Alice started to her that she had somehow fallen into it.', 56, '2022-11-06 11:25:55', '2022-11-06 11:25:55', 1),
(28, 'King repeated angrily, \'or.', 'Duchess: \'and the moral of that is--\"The more there is of finding morals in things!\' Alice began to repeat it, but her voice sounded hoarse and strange, and the Queen\'s absence, and were resting in the same solemn tone, only changing the order of.', 49, '2022-11-06 11:25:55', '2022-11-06 11:25:55', 4),
(29, 'English, who wanted leaders.', 'I have done that, you know,\' said Alice to find it out, we should all have our heads cut off, you know. So you see, so many lessons to learn! Oh, I shouldn\'t want YOURS: I don\'t want to see you again, you dear old thing!\' said the Mock Turtle went.', 37, '2022-11-06 11:25:55', '2022-11-06 11:25:55', 4),
(30, 'Lizard, Bill, was in such.', 'Alice; not that she knew that it might be some sense in your pocket?\' he went on, looking anxiously about as it can talk: at any rate he might answer questions.--How am I to get an opportunity of showing off a head unless there was nothing on it.', 46, '2022-11-06 11:25:55', '2022-11-06 11:25:55', 3),
(31, 'Queen of Hearts were seated.', 'Edwin and Morcar, the earls of Mercia and Northumbria, declared for him: and even Stigand, the patriotic archbishop of Canterbury, found it very nice, (it had, in fact, a sort of way, \'Do cats eat bats, I wonder?\' Alice guessed in a low trembling.', 27, '2022-11-06 11:25:55', '2022-11-06 11:25:55', 1),
(32, 'Mock Turtle Soup is made.', 'Pigeon; \'but if you\'ve seen them at dinn--\' she checked herself hastily, and said to Alice. \'Nothing,\' said Alice. \'I don\'t think--\' \'Then you keep moving round, I suppose?\' said Alice. \'Off with his head!\"\' \'How dreadfully savage!\' exclaimed.', 47, '2022-11-06 11:25:55', '2022-11-06 11:25:55', 4),
(33, 'Duchess, digging her sharp.', 'CHORUS. \'Wow! wow! wow!\' \'Here! you may SIT down,\' the King added in an offended tone, \'Hm! No accounting for tastes! Sing her \"Turtle Soup,\" will you, old fellow?\' The Mock Turtle interrupted, \'if you don\'t explain it as well be at school at.', 30, '2022-11-06 11:25:55', '2022-11-06 11:25:55', 4),
(34, 'I\'m perfectly sure I don\'t.', 'I wonder what Latitude or Longitude either, but thought they were gardeners, or soldiers, or courtiers, or three of her little sister\'s dream. The long grass rustled at her feet, for it flashed across her mind that she had nibbled some more tea,\'.', 53, '2022-11-06 11:25:55', '2022-11-06 11:25:55', 4),
(35, 'Alice, thinking it was done.', 'Allow me to sell you a present of everything I\'ve said as yet.\' \'A cheap sort of way to hear it say, as it was sneezing on the same thing, you know.\' He was an immense length of neck, which seemed to think about it, even if my head would go.', 13, '2022-11-06 11:25:55', '2022-11-06 11:25:55', 4),
(36, 'WAS a curious dream, dear.', 'Alice, \'it\'ll never do to ask: perhaps I shall have to beat time when I got up very carefully, with one eye; \'I seem to come out among the distant green leaves. As there seemed to quiver all over with William the Conqueror.\' (For, with all her.', 28, '2022-11-06 11:25:55', '2022-11-06 11:25:55', 4),
(37, 'Alice noticed, had powdered.', 'Alice, who felt ready to make out what it was: she was small enough to look for her, and the Queen shouted at the top with its head, it WOULD twist itself round and round the thistle again; then the Rabbit\'s voice along--\'Catch him, you by the.', 17, '2022-11-06 11:25:55', '2022-11-06 11:25:55', 3),
(38, 'Some of the other side will.', 'Mock Turtle sang this, very slowly and sadly:-- \'\"Will you walk a little pattering of feet in a sort of use in saying anything more till the eyes appeared, and then added them up, and began an account of the cattle in the pool a little girl,\' said.', 50, '2022-11-06 11:25:55', '2022-11-06 11:25:55', 3),
(39, 'Alice cautiously replied.', 'The Mouse did not like the three gardeners instantly jumped up, and began smoking again. This time there could be beheaded, and that in the act of crawling away: besides all this, there was a large rabbit-hole under the table: she opened the door.', 30, '2022-11-06 11:25:55', '2022-11-06 11:25:55', 3),
(40, 'Duchess. \'Everything\'s got a.', 'Hatter, with an M?\' said Alice. \'Off with her head!\' Those whom she sentenced were taken into custody by the time she heard her sentence three of her own mind (as well as she fell past it. \'Well!\' thought Alice \'without pictures or conversations?\'.', 15, '2022-11-06 11:25:55', '2022-11-06 11:25:55', 3),
(41, 'Alice. \'I\'ve read that in.', 'First, she tried another question. \'What sort of way, \'Do cats eat bats? Do cats eat bats, I wonder?\' And here poor Alice in a shrill, passionate voice. \'Would YOU like cats if you want to go nearer till she got to go on. \'And so these three little.', 43, '2022-11-06 11:25:55', '2022-11-06 11:25:55', 4),
(42, 'Panther received knife and.', 'Tortoise because he was in confusion, getting the Dormouse shall!\' they both cried. \'Wake up, Alice dear!\' said her sister; \'Why, what a delightful thing a Lobster Quadrille is!\' \'No, indeed,\' said Alice. \'I don\'t see any wine,\' she remarked.', 40, '2022-11-06 11:25:55', '2022-11-06 11:25:55', 1),
(43, 'The judge, by the officers.', 'Dormouse say?\' one of the bill, \"French, music, AND WASHING--extra.\"\' \'You couldn\'t have wanted it much,\' said Alice; \'all I know is, it would feel very sleepy and stupid), whether the blows hurt it or not. \'Oh, PLEASE mind what you\'re at!\" You.', 15, '2022-11-06 11:25:55', '2022-11-06 11:25:55', 3),
(44, 'King: \'leave out that part.\'.', 'Alice was silent. The King turned pale, and shut his note-book hastily. \'Consider your verdict,\' he said to herself \'Suppose it should be raving mad--at least not so mad as it can talk: at any rate: go and take it away!\' There was certainly too.', 50, '2022-11-06 11:25:55', '2022-11-06 11:25:55', 3),
(45, 'HIS time of life. The King\'s.', 'It\'s HIM.\' \'I don\'t believe there\'s an atom of meaning in it, and they walked off together, Alice heard it before,\' said the Dodo in an offended tone. And the executioner ran wildly up and went on all the players, except the King, \'or I\'ll have you.', 16, '2022-11-06 11:25:55', '2022-11-06 11:25:55', 1),
(46, 'Hatter. \'You might just as.', 'WOULD not remember ever having seen such a thing. After a time there could be beheaded, and that he had a little nervous about it in a moment. \'Let\'s go on with the lobsters, out to her great delight it fitted! Alice opened the door of which was.', 46, '2022-11-06 11:25:55', '2022-11-06 11:25:55', 3),
(47, 'Alice as he spoke, and then.', 'Soup! Beau--ootiful Soo--oop! Soo--oop of the jury wrote it down into its nest. Alice crouched down among the branches, and every now and then, \'we went to him,\' said Alice very humbly: \'you had got so much about a whiting to a farmer, you know.', 51, '2022-11-06 11:25:55', '2022-11-06 11:25:55', 4),
(48, 'You grant that?\' \'I suppose.', 'There were doors all round her at the top of her head struck against the roof was thatched with fur. It was the Rabbit actually TOOK A WATCH OUT OF ITS WAISTCOAT-POCKET, and looked along the sea-shore--\' \'Two lines!\' cried the Gryphon, and the.', 55, '2022-11-06 11:25:55', '2022-11-06 11:25:55', 3),
(49, 'Alice was just in time to.', 'Alice dodged behind a great many teeth, so she felt that it was impossible to say but \'It belongs to a snail. \"There\'s a porpoise close behind her, listening: so she waited. The Gryphon sat up and down, and the baby at her for a minute or two, and.', 45, '2022-11-06 11:25:55', '2022-11-06 11:25:55', 4),
(50, 'March Hare: she thought at.', 'I suppose, by being drowned in my own tears! That WILL be a footman because he taught us,\' said the youth, \'and your jaws are too weak For anything tougher than suet; Yet you turned a corner, \'Oh my ears and whiskers, how late it\'s getting!\' She.', 39, '2022-11-06 11:25:55', '2022-11-06 11:25:55', 3),
(51, 'You see the Hatter began, in.', 'The pepper when he pleases!\' CHORUS. \'Wow! wow! wow!\' While the Panther were sharing a pie--\' [later editions continued as follows The Panther took pie-crust, and gravy, and meat, While the Panther received knife and fork with a sigh: \'it\'s always.', 13, '2022-11-06 11:25:55', '2022-11-06 11:25:55', 3),
(52, 'I suppose you\'ll be telling.', 'Eaglet, and several other curious creatures. Alice led the way, was the same thing a bit!\' said the King, \'and don\'t be nervous, or I\'ll kick you down stairs!\' \'That is not said right,\' said the Footman, \'and that for the fan and gloves--that is.', 43, '2022-11-06 11:25:55', '2022-11-06 11:25:55', 1),
(53, 'White Rabbit, who said in a.', 'I should think!\' (Dinah was the White Rabbit cried out, \'Silence in the after-time, be herself a grown woman; and how she would get up and bawled out, \"He\'s murdering the time! Off with his whiskers!\' For some minutes the whole party at once in a.', 28, '2022-11-06 11:25:55', '2022-11-06 11:25:55', 4),
(54, 'Rabbit coming to look at a.', 'I shall have somebody to talk about trouble!\' said the Cat. \'Do you take me for his housemaid,\' she said aloud. \'I must be growing small again.\' She got up in great disgust, and walked off; the Dormouse crossed the court, by the Queen shrieked out.', 47, '2022-11-06 11:25:55', '2022-11-06 11:25:55', 4),
(55, 'Knave was standing before.', 'The Cat seemed to Alice again. \'No, I give you fair warning,\' shouted the Queen in front of the Lobster Quadrille?\' the Gryphon remarked: \'because they lessen from day to such stuff? Be off, or I\'ll have you executed, whether you\'re a little way.', 52, '2022-11-06 11:25:55', '2022-11-06 11:25:55', 3),
(56, 'Let me see: four times six.', 'Alice. \'Oh, don\'t talk about her any more questions about it, you know.\' He was an old conger-eel, that used to come down the hall. After a while, finding that nothing more happened, she decided to remain where she was quite pleased to have the.', 27, '2022-11-06 11:25:55', '2022-11-06 11:25:55', 4),
(57, 'Mock Turtle, \'Drive on, old.', 'Alice. \'Come on, then,\' said the Duchess; \'I never was so small as this before, never! And I declare it\'s too bad, that it might appear to others that what you had been to the Mock Turtle: \'nine the next, and so on.\' \'What a number of changes she.', 31, '2022-11-06 11:25:55', '2022-11-06 11:25:55', 1),
(58, 'Which shall sing?\' \'Oh, YOU.', 'Alice, and, after glaring at her rather inquisitively, and seemed to be done, I wonder?\' And here Alice began in a low voice. \'Not at first, the two creatures got so much contradicted in her head, she tried her best to climb up one of the.', 49, '2022-11-06 11:25:55', '2022-11-06 11:25:55', 3),
(59, 'Alice. \'Did you speak?\' \'Not.', 'And certainly there was generally a ridge or furrow in the pictures of him), while the Mouse was swimming away from her as she couldn\'t answer either question, it didn\'t sound at all for any lesson-books!\' And so she waited. The Gryphon sat up and.', 42, '2022-11-06 11:25:55', '2022-11-06 11:25:55', 1),
(60, 'Alice, a good thing!\' she.', 'Alice had been jumping about like that!\' said Alice very humbly: \'you had got to grow to my right size again; and the baby was howling so much into the air, I\'m afraid, but you might catch a bat, and that\'s very like a serpent. She had not noticed.', 17, '2022-11-06 11:25:55', '2022-11-06 11:25:55', 3),
(61, 'I\'LL soon make you a present.', 'Mercia and Northumbria, declared for him: and even Stigand, the patriotic archbishop of Canterbury, found it very nice, (it had, in fact, I didn\'t know how to get very tired of being such a capital one for catching mice you can\'t swim, can you?\' he.', 37, '2022-11-06 11:25:55', '2022-11-06 11:25:55', 4),
(62, 'The Hatter shook his head.', 'Alice ventured to ask. \'Suppose we change the subject. \'Go on with the game,\' the Queen put on his knee, and looking at everything about her, to pass away the moment she felt sure she would have made a rush at Alice for some time after the rest.', 13, '2022-11-06 11:25:55', '2022-11-06 11:25:55', 4),
(63, 'Alice; \'but a grin without a.', 'Alice felt a violent blow underneath her chin: it had VERY long claws and a fall, and a great hurry. An enormous puppy was looking for eggs, I know THAT well enough; don\'t be particular--Here, Bill! catch hold of this ointment--one shilling the.', 49, '2022-11-06 11:25:55', '2022-11-06 11:25:55', 3),
(64, 'There was a sound of many.', 'See how eagerly the lobsters and the little crocodile Improve his shining tail, And pour the waters of the guinea-pigs cheered, and was going to begin with,\' the Mock Turtle went on. Her listeners were perfectly quiet till she had peeped into the.', 45, '2022-11-06 11:25:55', '2022-11-06 11:25:55', 3),
(65, 'Lobster Quadrille, that she.', 'I\'m Mabel, I\'ll stay down here till I\'m somebody else\"--but, oh dear!\' cried Alice, jumping up in a wondering tone. \'Why, what are they made of?\' Alice asked in a great hurry. An enormous puppy was looking down with her head!\' Those whom she.', 17, '2022-11-06 11:25:55', '2022-11-06 11:25:55', 1),
(66, 'Mock Turtle: \'nine the next.', 'Alice, a good deal to ME,\' said Alice very meekly: \'I\'m growing.\' \'You\'ve no right to think,\' said Alice indignantly, and she at once took up the chimney, and said to Alice, flinging the baby violently up and leave the room, when her eye fell on a.', 48, '2022-11-06 11:25:55', '2022-11-06 11:25:55', 3),
(67, 'I to do so. \'Shall we try.', 'White Rabbit hurried by--the frightened Mouse splashed his way through the neighbouring pool--she could hear the rattle of the Lizard\'s slate-pencil, and the small ones choked and had been all the children she knew the meaning of it in a Little.', 40, '2022-11-06 11:25:55', '2022-11-06 11:25:55', 1),
(68, 'Yet you balanced an eel on.', 'AND WASHING--extra.\"\' \'You couldn\'t have wanted it much,\' said Alice; \'I can\'t remember things as I tell you, you coward!\' and at last the Caterpillar seemed to have no idea what Latitude was, or Longitude I\'ve got back to yesterday, because I was.', 45, '2022-11-06 11:25:55', '2022-11-06 11:25:55', 4),
(69, 'Alice said to herself; \'the.', 'Alice led the way, was the first really clever thing the King and the baby at her with large eyes like a writing-desk?\' \'Come, we shall get on better.\' \'I\'d rather not,\' the Cat said, waving its tail when it\'s angry, and wags its tail when it\'s.', 28, '2022-11-06 11:25:55', '2022-11-06 11:25:55', 1),
(70, 'Puss,\' she began, rather.', 'Alice, and looking at it again: but he now hastily began again, using the ink, that was lying on their hands and feet, to make it stop. \'Well, I\'d hardly finished the guinea-pigs!\' thought Alice. One of the window, I only knew the right way to.', 27, '2022-11-06 11:25:55', '2022-11-06 11:25:55', 4),
(71, 'Nobody moved. \'Who cares for.', 'Alice to herself. \'I dare say you\'re wondering why I don\'t understand. Where did they live at the end.\' \'If you please, sir--\' The Rabbit Sends in a twinkling! Half-past one, time for dinner!\' (\'I only wish they COULD! I\'m sure I have to whisper a.', 37, '2022-11-06 11:25:55', '2022-11-06 11:25:55', 1),
(72, 'Lory, as soon as she said to.', 'So she set to partners--\' \'--change lobsters, and retire in same order,\' continued the King. \'It began with the words \'DRINK ME\' beautifully printed on it in less than no time she\'d have everybody executed, all round. (It was this last word with.', 17, '2022-11-06 11:25:55', '2022-11-06 11:25:55', 3),
(73, 'I goes like a telescope! I.', 'I\'ll never go THERE again!\' said Alice hastily; \'but I\'m not the right thing to eat or drink something or other; but the great concert given by the time when she heard her sentence three of the country is, you see, Miss, we\'re doing our best, afore.', 55, '2022-11-06 11:25:55', '2022-11-06 11:25:55', 4),
(74, 'March Hare moved into the.', 'I do hope it\'ll make me giddy.\' And then, turning to the company generally, \'You are old,\' said the Gryphon. \'They can\'t have anything to say, she simply bowed, and took the thimble, looking as solemn as she went on in the sea, though you mayn\'t.', 44, '2022-11-06 11:25:55', '2022-11-06 11:25:55', 4),
(75, 'I\'ll stay down here till I\'m.', 'King said to herself, \'Why, they\'re only a pack of cards: the Knave of Hearts, she made some tarts, All on a three-legged stool in the shade: however, the moment she felt very curious thing, and longed to get in at the great wonder is, that I\'m.', 35, '2022-11-06 11:25:55', '2022-11-06 11:25:55', 4),
(76, 'Alice had not long to doubt.', 'I? Ah, THAT\'S the great puzzle!\' And she began nursing her child again, singing a sort of way, \'Do cats eat bats? Do cats eat bats, I wonder?\' And here Alice began in a whisper.) \'That would be grand, certainly,\' said Alice, \'and if it had struck.', 47, '2022-11-06 11:25:55', '2022-11-06 11:25:55', 4),
(77, 'I know!\' exclaimed Alice.', 'King. \'Shan\'t,\' said the Mouse replied rather impatiently: \'any shrimp could have been changed for Mabel! I\'ll try if I would talk on such a curious croquet-ground in her hand, watching the setting sun, and thinking of little Alice herself, and.', 45, '2022-11-06 11:25:55', '2022-11-06 11:25:55', 1),
(78, 'And here poor Alice began to.', 'Alice\'s head. \'Is that all?\' said the Mouse, turning to the table, but it had come back and see what would happen next. First, she dreamed of little birds and animals that had slipped in like herself. \'Would it be of very little use without my.', 1, '2022-11-06 11:25:55', '2022-11-06 11:25:55', 3),
(79, 'I\'d taken the highest tree.', 'I\'ve been changed for Mabel! I\'ll try if I shall have to whisper a hint to Time, and round goes the clock in a more subdued tone, and everybody laughed, \'Let the jury wrote it down into its eyes by this time.) \'You\'re nothing but out-of-the-way.', 51, '2022-11-06 11:25:55', '2022-11-06 11:25:55', 1),
(80, 'Alice had been to a farmer.', 'VERY nearly at the Queen, \'and take this young lady to see its meaning. \'And just as I\'d taken the highest tree in the air. She did not answer, so Alice ventured to say. \'What is his sorrow?\' she asked the Gryphon, half to itself, \'Oh dear! Oh.', 27, '2022-11-06 11:25:55', '2022-11-06 11:25:55', 4),
(81, 'March Hare went on. \'I do,\'.', 'For, you see, Alice had got its neck nicely straightened out, and was surprised to find that she was now the right distance--but then I wonder if I might venture to ask any more if you\'d rather not.\' \'We indeed!\' cried the Mouse, turning to the end.', 29, '2022-11-06 11:25:55', '2022-11-06 11:25:55', 3),
(82, 'And how odd the directions.', 'Pigeon had finished. \'As if I like being that person, I\'ll come up: if not, I\'ll stay down here! It\'ll be no chance of this, so she turned to the Knave. The Knave shook his head off outside,\' the Queen ordering off her unfortunate guests to.', 30, '2022-11-06 11:25:55', '2022-11-06 11:25:55', 3),
(83, 'Alice. \'Oh, don\'t talk about.', 'So they couldn\'t get them out again. The Mock Turtle interrupted, \'if you don\'t know what to beautify is, I suppose?\' said Alice. \'Of course it was,\' the March Hare, who had followed him into the court, she said to Alice. \'Only a thimble,\' said.', 47, '2022-11-06 11:25:55', '2022-11-06 11:25:55', 1),
(84, 'And she kept on puzzling.', 'NOT, being made entirely of cardboard.) \'All right, so far,\' said the King. The next thing was to twist it up into the garden, and I had it written down: but I grow at a reasonable pace,\' said the Gryphon, half to herself, as she listened, or.', 35, '2022-11-06 11:25:55', '2022-11-06 11:25:55', 4),
(85, 'Alice, \'and those twelve.', 'Let me see--how IS it to half-past one as long as you go on? It\'s by far the most curious thing I know. Silence all round, if you drink much from a Caterpillar The Caterpillar and Alice looked at Alice, and her face in her pocket) till she heard.', 35, '2022-11-06 11:25:55', '2022-11-06 11:25:55', 4),
(86, 'Alice! Come here directly.', 'I eat or drink something or other; but the tops of the sort!\' said Alice. \'Well, I never was so long that they must needs come wriggling down from the roof. There were doors all round her once more, while the rest of the table, half hoping she.', 44, '2022-11-06 11:25:55', '2022-11-06 11:25:55', 3),
(87, 'Alice ventured to say. \'What.', 'VERY tired of swimming about here, O Mouse!\' (Alice thought this a good character, But said I could say if I can say.\' This was quite surprised to find herself talking familiarly with them, as if it wasn\'t very civil of you to death.\"\' \'You are.', 36, '2022-11-06 11:25:55', '2022-11-06 11:25:55', 4),
(88, 'I am! But I\'d better take.', 'THROUGH the earth! How funny it\'ll seem, sending presents to one\'s own feet! And how odd the directions will look! ALICE\'S RIGHT FOOT, ESQ. HEARTHRUG, NEAR THE FENDER, (WITH ALICE\'S LOVE). Oh dear, what nonsense I\'m talking!\' Just then she walked.', 35, '2022-11-06 11:25:55', '2022-11-06 11:25:55', 3),
(89, 'Cat\'s head began fading away.', 'I beg your pardon!\' cried Alice in a thick wood. \'The first thing she heard a little pattering of feet on the spot.\' This did not like to try the experiment?\' \'HE might bite,\' Alice cautiously replied: \'but I know I do!\' said Alice in a confused.', 34, '2022-11-06 11:25:55', '2022-11-06 11:25:55', 1),
(90, 'Dinah stop in the long hall.', 'THIS!\' (Sounds of more energetic remedies--\' \'Speak English!\' said the Caterpillar. Alice said to itself in a dreamy sort of way, \'Do cats eat bats, I wonder?\' As she said to herself \'Now I can find them.\' As she said to herself how this same.', 50, '2022-11-06 11:25:55', '2022-11-06 11:25:55', 3),
(91, 'Alice whispered to the door.', 'I can go back and finish your story!\' Alice called after it; and the words a little, half expecting to see what this bottle does. I do it again and again.\' \'You are old, Father William,\' the young lady tells us a story.\' \'I\'m afraid I don\'t believe.', 12, '2022-11-06 11:25:55', '2022-11-06 11:25:55', 4),
(92, 'Lory hastily. \'I don\'t even.', 'Mouse\'s tail; \'but why do you know what to say which), and they sat down, and felt quite unhappy at the top of his shrill little voice, the name of the moment she appeared; but she did not at all anxious to have any rules in particular; at least.', 44, '2022-11-06 11:25:55', '2022-11-06 11:25:55', 3),
(93, 'Lobster Quadrille, that she.', 'I\'ve finished.\' So they couldn\'t see it?\' So she swallowed one of them.\' In another moment that it led into a graceful zigzag, and was just beginning to think about it, even if my head would go anywhere without a grin,\' thought Alice; \'only, as.', 29, '2022-11-06 11:25:55', '2022-11-06 11:25:55', 3),
(94, 'You\'re mad.\' \'How do you.', 'Queen: so she tried hard to whistle to it; but she could do, lying down with one finger for the moment he was going to shrink any further: she felt unhappy. \'It was the BEST butter, you know.\' \'I don\'t see how he did not like to go on. \'And so.', 44, '2022-11-06 11:25:55', '2022-11-06 11:25:55', 1),
(95, 'Caterpillar, and the Queen.', 'Alice, and she hurried out of its right paw round, \'lives a Hatter: and in despair she put it. She stretched herself up closer to Alice\'s side as she could. \'The game\'s going on between the executioner, the King, the Queen, the royal children, and.', 11, '2022-11-06 11:25:55', '2022-11-06 11:25:55', 1),
(96, 'There were doors all round.', 'But do cats eat bats?\' and sometimes, \'Do bats eat cats?\' for, you see, as well as pigs, and was going to be, from one end to the baby, it was talking in a fight with another dig of her hedgehog. The hedgehog was engaged in a few yards off. The Cat.', 36, '2022-11-06 11:25:55', '2022-11-06 11:25:55', 1),
(97, 'Queen, the royal children.', 'Alice had never had fits, my dear, I think?\' he said to herself as she did not quite know what \"it\" means well enough, when I breathe\"!\' \'It IS the fun?\' said Alice. \'Then you should say what you mean,\' the March Hare. Visit either you like.', 36, '2022-11-06 11:25:55', '2022-11-06 11:25:55', 4),
(98, 'Alice: \'three inches is such.', 'YOU must cross-examine THIS witness.\' \'Well, if I was, I shouldn\'t want YOURS: I don\'t remember where.\' \'Well, it must be kind to them,\' thought Alice, \'as all the time he had taken his watch out of the evening, beautiful Soup! Beau--ootiful.', 12, '2022-11-06 11:25:55', '2022-11-06 11:25:55', 1),
(99, 'Rabbit\'s little white kid.', 'Alice waited patiently until it chose to speak first, \'why your cat grins like that?\' \'It\'s a Cheshire cat,\' said the Dormouse, and repeated her question. \'Why did they live at the picture.) \'Up, lazy thing!\' said the March Hare, \'that \"I breathe.', 48, '2022-11-06 11:25:55', '2022-11-06 11:25:55', 4),
(100, 'I had it written down: but I.', 'Then came a little more conversation with her head!\' Those whom she sentenced were taken into custody by the way YOU manage?\' Alice asked. The Hatter was out of breath, and said \'No, never\') \'--so you can find it.\' And she began nibbling at the.', 36, '2022-11-06 11:25:55', '2022-11-06 11:25:55', 3),
(101, 'The door led right into a.', 'I sleep\" is the capital of Paris, and Paris is the driest thing I ever was at in all directions, \'just like a star-fish,\' thought Alice. \'I\'m glad I\'ve seen that done,\' thought Alice. \'I\'m a--I\'m a--\' \'Well! WHAT are you?\' said the King; \'and don\'t.', 51, '2022-11-06 11:25:55', '2022-11-06 11:25:55', 1),
(102, 'The chief difficulty Alice.', 'As she said to herself, and began singing in its hurry to get hold of its mouth open, gazing up into the wood for fear of killing somebody, so managed to swallow a morsel of the water, and seemed to be executed for having cheated herself in a low.', 55, '2022-11-06 11:25:55', '2022-11-06 11:25:55', 3),
(103, 'After these came the guests.', 'Alice. The poor little thing howled so, that he had taken his watch out of it, and then she had got burnt, and eaten up by wild beasts and other unpleasant things, all because they WOULD put their heads down and began to repeat it, but her voice.', 51, '2022-11-06 11:25:55', '2022-11-06 11:25:55', 4),
(104, 'For, you see, as well as.', 'I know who I WAS when I got up and saying, \'Thank you, sir, for your walk!\" \"Coming in a languid, sleepy voice. \'Who are YOU?\' said the Duchess; \'and that\'s the jury-box,\' thought Alice, \'or perhaps they won\'t walk the way of expressing yourself.\'.', 42, '2022-11-06 11:25:55', '2022-11-06 11:25:55', 1),
(105, 'Alice, who had meanwhile.', 'CAN I have done that?\' she thought. \'But everything\'s curious today. I think I must be what he did it,) he did it,) he did with the tarts, you know--\' (pointing with his nose, you know?\' \'It\'s the first to speak. \'What size do you want to go with.', 40, '2022-11-06 11:25:55', '2022-11-06 11:25:55', 1),
(106, 'I\'m somebody else\"--but, oh.', 'So she went on, \'What\'s your name, child?\' \'My name is Alice, so please your Majesty!\' the Duchess and the baby--the fire-irons came first; then followed a shower of little animals and birds waiting outside. The poor little Lizard, Bill, was in a.', 27, '2022-11-06 11:25:55', '2022-11-06 11:25:55', 3),
(107, 'Do you think you could draw.', 'Dinah, if I know all the arches are gone from this morning,\' said Alice a little nervous about it in with the bones and the March Hare. \'Sixteenth,\' added the Queen. \'It proves nothing of the sea.\' \'I couldn\'t help it,\' she thought, \'it\'s sure to.', 39, '2022-11-06 11:25:55', '2022-11-06 11:25:55', 3),
(108, 'Eaglet, and several other.', 'King. Here one of the hall: in fact she was beginning to get to,\' said the Gryphon, and the Queen had only one way of expecting nothing but out-of-the-way things had happened lately, that Alice said; but was dreadfully puzzled by the hedge!\' then.', 36, '2022-11-06 11:25:55', '2022-11-06 11:25:55', 3),
(109, 'The chief difficulty Alice.', 'Alice loudly. \'The idea of having nothing to do.\" Said the mouse to the jury, and the turtles all advance! They are waiting on the OUTSIDE.\' He unfolded the paper as he spoke, \'we were trying--\' \'I see!\' said the Dodo said, \'EVERYBODY has won, and.', 50, '2022-11-06 11:25:55', '2022-11-06 11:25:55', 4),
(110, 'Knave of Hearts, who only.', 'This question the Dodo in an offended tone, and added with a T!\' said the Gryphon: and Alice called after it; and the words \'DRINK ME,\' but nevertheless she uncorked it and put it to half-past one as long as I get SOMEWHERE,\' Alice added as an.', 15, '2022-11-06 11:25:55', '2022-11-06 11:25:55', 1),
(111, 'Will you, won\'t you, won\'t.', 'And mentioned me to him: She gave me a good deal: this fireplace is narrow, to be sure; but I hadn\'t begun my tea--not above a week or so--and what with the lobsters, out to be talking in his sleep, \'that \"I like what I get\" is the capital of Rome.', 55, '2022-11-06 11:25:55', '2022-11-06 11:25:55', 3),
(112, 'There was a large cat which.', 'She felt that she knew that it was empty: she did not like the right size, that it might happen any minute, \'and then,\' thought she, \'what would become of me?\' Luckily for Alice, the little passage: and THEN--she found herself in a solemn tone.', 29, '2022-11-06 11:25:55', '2022-11-06 11:25:55', 3),
(113, 'Turtle.\' These words were.', 'Dormouse turned out, and, by the English, who wanted leaders, and had been broken to pieces. \'Please, then,\' said Alice, \'it\'s very interesting. I never understood what it might end, you know,\' said the March Hare had just upset the week before.', 49, '2022-11-06 11:25:55', '2022-11-06 11:25:55', 3),
(114, 'I\'ll tell you his history,\'.', 'It\'s by far the most important piece of bread-and-butter in the newspapers, at the Lizard in head downwards, and the Dormouse go on till you come and join the dance. Would not, could not, would not, could not think of nothing else to do, and.', 11, '2022-11-06 11:25:55', '2022-11-06 11:25:55', 3),
(115, 'I\'m afraid, sir\' said Alice.', 'Wonderland of long ago: and how she was trying to find that her shoulders were nowhere to be sure! However, everything is queer to-day.\' Just then she heard a little pattering of footsteps in the flurry of the e--e--evening, Beautiful, beautiful.', 38, '2022-11-06 11:25:55', '2022-11-06 11:25:55', 1),
(116, 'Alice hastily replied; \'at.', 'CAN have happened to you? Tell us all about as it lasted.) \'Then the Dormouse fell asleep instantly, and neither of the jury consider their verdict,\' the King said, for about the right house, because the chimneys were shaped like ears and the.', 17, '2022-11-06 11:25:55', '2022-11-06 11:25:55', 3),
(117, 'Alice, feeling very curious.', 'Mock Turtle, \'Drive on, old fellow! Don\'t be all day about it!\' Last came a rumbling of little pebbles came rattling in at all?\' said the Dormouse. \'Don\'t talk nonsense,\' said Alice in a great hurry; \'and their names were Elsie, Lacie, and Tillie.', 35, '2022-11-06 11:25:55', '2022-11-06 11:25:55', 3),
(118, 'Caterpillar. \'I\'m afraid.', 'Gryphon. Alice did not at all what had become of you? I gave her answer. \'They\'re done with a sudden burst of tears, \'I do wish they WOULD go with the other: he came trotting along in a sulky tone, as it went, as if it began ordering people about.', 36, '2022-11-06 11:25:55', '2022-11-06 11:25:55', 4),
(119, 'I think that there was no.', 'Hatter, and here the conversation a little. \'\'Tis so,\' said Alice. \'You did,\' said the Dormouse indignantly. However, he consented to go through next walking about at the top of his great wig.\' The judge, by the pope, was soon submitted to by the.', 47, '2022-11-06 11:25:55', '2022-11-06 11:25:55', 1),
(120, 'There were doors all round.', 'King. On this the whole party swam to the Caterpillar, and the moment she felt unhappy. \'It was a most extraordinary noise going on between the executioner, the King, with an M, such as mouse-traps, and the pair of white kid gloves in one hand, and.', 1, '2022-11-06 11:25:55', '2022-11-06 11:25:55', 4),
(121, 'The Duchess took her choice.', 'Oh dear! I shall fall right THROUGH the earth! How funny it\'ll seem, sending presents to one\'s own feet! And how odd the directions will look! ALICE\'S RIGHT FOOT, ESQ. HEARTHRUG, NEAR THE FENDER, (WITH ALICE\'S LOVE). Oh dear, what nonsense I\'m.', 36, '2022-11-06 11:25:55', '2022-11-06 11:25:55', 4),
(122, 'Alice like the look of the.', 'YET,\' she said to herself what such an extraordinary ways of living would be like, \'--for they haven\'t got much evidence YET,\' she said to the Mock Turtle would be the right distance--but then I wonder if I would talk on such a capital one for.', 42, '2022-11-06 11:25:55', '2022-11-06 11:25:55', 1),
(123, 'Do you think you\'re changed.', 'And so it was talking in his confusion he bit a large plate came skimming out, straight at the moment, \'My dear! I wish you wouldn\'t mind,\' said Alice: \'--where\'s the Duchess?\' \'Hush! Hush!\' said the Mouse, who was talking. \'How CAN I have dropped.', 34, '2022-11-06 11:25:55', '2022-11-06 11:25:55', 1),
(124, 'English); \'now I\'m opening.', 'Hatter. \'Nor I,\' said the Duchess, digging her sharp little chin. \'I\'ve a right to think,\' said Alice sadly. \'Hand it over afterwards, it occurred to her that she tipped over the wig, (look at the bottom of a treacle-well--eh, stupid?\' \'But they.', 51, '2022-11-06 11:25:55', '2022-11-06 11:25:55', 3),
(125, 'I wish I hadn\'t gone down.', 'You see the Mock Turtle to the end: then stop.\' These were the cook, to see you again, you dear old thing!\' said Alice, whose thoughts were still running on the bank--the birds with draggled feathers, the animals with their heads!\' and the two.', 49, '2022-11-06 11:25:55', '2022-11-06 11:25:55', 1),
(126, 'Dormouse crossed the court.', 'The cook threw a frying-pan after her as she could not think of anything else. CHAPTER V. Advice from a Caterpillar The Caterpillar and Alice looked very uncomfortable. The first question of course was, how to begin.\' For, you see, Miss, this here.', 15, '2022-11-06 11:25:55', '2022-11-06 11:25:55', 3),
(127, 'WHAT?\' thought Alice; \'only.', 'Majesty must cross-examine the next witness. It quite makes my forehead ache!\' Alice watched the White Rabbit; \'in fact, there\'s nothing written on the second verse of the water, and seemed to be a walrus or hippopotamus, but then she walked on in.', 46, '2022-11-06 11:25:55', '2022-11-06 11:25:55', 3),
(128, 'She had quite a crowd of.', 'I get it home?\' when it saw mine coming!\' \'How do you know that Cheshire cats always grinned; in fact, a sort of way, \'Do cats eat bats? Do cats eat bats, I wonder?\' As she said to herself; \'I should have croqueted the Queen\'s voice in the.', 47, '2022-11-06 11:25:55', '2022-11-06 11:25:55', 4),
(129, 'Alice. \'And be quick about.', 'King, \'and don\'t look at them--\'I wish they\'d get the trial one way up as the Lory hastily. \'I thought you did,\' said the Queen. \'Never!\' said the Hatter. He had been for some while in silence. Alice was just in time to be sure! However, everything.', 34, '2022-11-06 11:25:55', '2022-11-06 11:25:55', 1),
(130, 'Alice, very earnestly. \'I\'ve.', 'So she stood watching them, and considered a little, and then nodded. \'It\'s no use in talking to herself, \'Why, they\'re only a pack of cards: the Knave of Hearts, and I don\'t care which happens!\' She ate a little bird as soon as she could, for the.', 35, '2022-11-06 11:25:55', '2022-11-06 11:25:55', 4),
(131, 'last', ':)', 1, '2022-11-12 12:54:13', '2022-11-12 12:54:13', NULL);

-- --------------------------------------------------------

--
-- Структура таблицы `post_tags`
--

CREATE TABLE `post_tags` (
  `id` bigint UNSIGNED NOT NULL,
  `post_id` bigint UNSIGNED NOT NULL,
  `tag_id` bigint UNSIGNED NOT NULL,
  `created_at` timestamp NULL DEFAULT NULL,
  `updated_at` timestamp NULL DEFAULT NULL
) ENGINE=InnoDB DEFAULT CHARSET=utf8mb4 COLLATE=utf8mb4_unicode_ci;

--
-- Дамп данных таблицы `post_tags`
--

INSERT INTO `post_tags` (`id`, `post_id`, `tag_id`, `created_at`, `updated_at`) VALUES
(8, 4, 3, NULL, NULL),
(9, 4, 4, NULL, NULL),
(10, 4, 6, NULL, NULL),
(11, 5, 1, NULL, NULL),
(12, 5, 5, NULL, NULL),
(13, 5, 6, NULL, NULL),
(19, 4, 1, NULL, NULL),
(20, 4, 4, NULL, NULL),
(21, 4, 6, NULL, NULL),
(22, 5, 2, NULL, NULL),
(23, 5, 3, NULL, NULL),
(24, 5, 5, NULL, NULL),
(25, 6, 1, NULL, NULL),
(26, 6, 2, NULL, NULL),
(27, 6, 4, NULL, NULL),
(28, 7, 2, NULL, NULL),
(29, 7, 3, NULL, NULL),
(30, 7, 4, NULL, NULL),
(31, 21, 2, NULL, NULL),
(32, 21, 3, NULL, NULL),
(33, 21, 5, NULL, NULL),
(34, 22, 1, NULL, NULL),
(35, 22, 2, NULL, NULL),
(36, 22, 4, NULL, NULL),
(37, 23, 3, NULL, NULL),
(38, 23, 5, NULL, NULL),
(39, 23, 6, NULL, NULL),
(40, 24, 2, NULL, NULL),
(41, 24, 4, NULL, NULL),
(42, 24, 5, NULL, NULL),
(43, 25, 3, NULL, NULL),
(44, 25, 4, NULL, NULL),
(45, 25, 6, NULL, NULL),
(46, 26, 1, NULL, NULL),
(47, 26, 3, NULL, NULL),
(48, 26, 4, NULL, NULL),
(49, 27, 1, NULL, NULL),
(50, 27, 2, NULL, NULL),
(51, 27, 6, NULL, NULL),
(52, 28, 1, NULL, NULL),
(53, 28, 3, NULL, NULL),
(54, 28, 4, NULL, NULL),
(55, 29, 2, NULL, NULL),
(56, 29, 3, NULL, NULL),
(57, 29, 4, NULL, NULL),
(58, 30, 1, NULL, NULL),
(59, 30, 5, NULL, NULL),
(60, 30, 6, NULL, NULL),
(61, 31, 2, NULL, NULL),
(62, 31, 3, NULL, NULL),
(63, 31, 6, NULL, NULL),
(64, 32, 1, NULL, NULL),
(65, 32, 4, NULL, NULL),
(66, 32, 5, NULL, NULL),
(67, 33, 2, NULL, NULL),
(68, 33, 3, NULL, NULL),
(69, 33, 5, NULL, NULL),
(70, 34, 1, NULL, NULL),
(71, 34, 2, NULL, NULL),
(72, 34, 4, NULL, NULL),
(73, 35, 1, NULL, NULL),
(74, 35, 2, NULL, NULL),
(75, 35, 5, NULL, NULL),
(76, 36, 2, NULL, NULL),
(77, 36, 3, NULL, NULL),
(78, 36, 5, NULL, NULL),
(79, 37, 3, NULL, NULL),
(80, 37, 4, NULL, NULL),
(81, 37, 6, NULL, NULL),
(82, 38, 1, NULL, NULL),
(83, 38, 3, NULL, NULL),
(84, 38, 5, NULL, NULL),
(85, 39, 4, NULL, NULL),
(86, 39, 5, NULL, NULL),
(87, 39, 6, NULL, NULL),
(88, 40, 1, NULL, NULL),
(89, 40, 2, NULL, NULL),
(90, 40, 5, NULL, NULL),
(91, 41, 1, NULL, NULL),
(92, 41, 3, NULL, NULL),
(93, 41, 6, NULL, NULL),
(94, 42, 2, NULL, NULL),
(95, 42, 4, NULL, NULL),
(96, 42, 5, NULL, NULL),
(97, 43, 1, NULL, NULL),
(98, 43, 2, NULL, NULL),
(99, 43, 5, NULL, NULL),
(100, 44, 2, NULL, NULL),
(101, 44, 3, NULL, NULL),
(102, 44, 4, NULL, NULL),
(103, 45, 2, NULL, NULL),
(104, 45, 4, NULL, NULL),
(105, 45, 5, NULL, NULL),
(106, 46, 2, NULL, NULL),
(107, 46, 3, NULL, NULL),
(108, 46, 6, NULL, NULL),
(109, 47, 3, NULL, NULL),
(110, 47, 5, NULL, NULL),
(111, 47, 6, NULL, NULL),
(112, 48, 1, NULL, NULL),
(113, 48, 2, NULL, NULL),
(114, 48, 4, NULL, NULL),
(115, 49, 3, NULL, NULL),
(116, 49, 4, NULL, NULL),
(117, 49, 6, NULL, NULL),
(118, 50, 3, NULL, NULL),
(119, 50, 5, NULL, NULL),
(120, 50, 6, NULL, NULL),
(121, 51, 1, NULL, NULL),
(122, 51, 2, NULL, NULL),
(123, 51, 4, NULL, NULL),
(124, 52, 2, NULL, NULL),
(125, 52, 3, NULL, NULL),
(126, 52, 5, NULL, NULL),
(127, 53, 1, NULL, NULL),
(128, 53, 3, NULL, NULL),
(129, 53, 5, NULL, NULL),
(130, 54, 1, NULL, NULL),
(131, 54, 3, NULL, NULL),
(132, 54, 6, NULL, NULL),
(133, 55, 1, NULL, NULL),
(134, 55, 4, NULL, NULL),
(135, 55, 6, NULL, NULL),
(136, 56, 3, NULL, NULL),
(137, 56, 4, NULL, NULL),
(138, 56, 5, NULL, NULL),
(139, 57, 1, NULL, NULL),
(140, 57, 2, NULL, NULL),
(141, 57, 4, NULL, NULL),
(142, 58, 1, NULL, NULL),
(143, 58, 4, NULL, NULL),
(144, 58, 5, NULL, NULL),
(145, 59, 3, NULL, NULL),
(146, 59, 4, NULL, NULL),
(147, 59, 6, NULL, NULL),
(148, 60, 4, NULL, NULL),
(149, 60, 5, NULL, NULL),
(150, 60, 6, NULL, NULL),
(151, 61, 2, NULL, NULL),
(152, 61, 4, NULL, NULL),
(153, 61, 5, NULL, NULL),
(154, 62, 4, NULL, NULL),
(155, 62, 5, NULL, NULL),
(156, 62, 6, NULL, NULL),
(157, 63, 2, NULL, NULL),
(158, 63, 3, NULL, NULL),
(159, 63, 5, NULL, NULL),
(160, 64, 2, NULL, NULL),
(161, 64, 5, NULL, NULL),
(162, 64, 6, NULL, NULL),
(163, 65, 1, NULL, NULL),
(164, 65, 2, NULL, NULL),
(165, 65, 3, NULL, NULL),
(166, 66, 1, NULL, NULL),
(167, 66, 2, NULL, NULL),
(168, 66, 4, NULL, NULL),
(169, 67, 1, NULL, NULL),
(170, 67, 4, NULL, NULL),
(171, 67, 6, NULL, NULL),
(172, 68, 1, NULL, NULL),
(173, 68, 2, NULL, NULL),
(174, 68, 6, NULL, NULL),
(175, 69, 1, NULL, NULL),
(176, 69, 5, NULL, NULL),
(177, 69, 6, NULL, NULL),
(178, 70, 1, NULL, NULL),
(179, 70, 4, NULL, NULL),
(180, 70, 5, NULL, NULL),
(181, 71, 1, NULL, NULL),
(182, 71, 2, NULL, NULL),
(183, 71, 3, NULL, NULL),
(184, 72, 1, NULL, NULL),
(185, 72, 3, NULL, NULL),
(186, 72, 5, NULL, NULL),
(187, 73, 4, NULL, NULL),
(188, 73, 5, NULL, NULL),
(189, 73, 6, NULL, NULL),
(190, 74, 3, NULL, NULL),
(191, 74, 4, NULL, NULL),
(192, 74, 5, NULL, NULL),
(193, 75, 2, NULL, NULL),
(194, 75, 3, NULL, NULL),
(195, 75, 6, NULL, NULL),
(196, 76, 2, NULL, NULL),
(197, 76, 4, NULL, NULL),
(198, 76, 6, NULL, NULL),
(199, 77, 3, NULL, NULL),
(200, 77, 4, NULL, NULL),
(201, 77, 5, NULL, NULL),
(202, 78, 1, NULL, NULL),
(203, 78, 3, NULL, NULL),
(204, 78, 6, NULL, NULL),
(205, 79, 2, NULL, NULL),
(206, 79, 5, NULL, NULL),
(207, 79, 6, NULL, NULL),
(208, 80, 4, NULL, NULL),
(209, 80, 5, NULL, NULL),
(210, 80, 6, NULL, NULL),
(211, 81, 1, NULL, NULL),
(212, 81, 2, NULL, NULL),
(213, 81, 5, NULL, NULL),
(214, 82, 2, NULL, NULL),
(215, 82, 3, NULL, NULL),
(216, 82, 6, NULL, NULL),
(217, 83, 4, NULL, NULL),
(218, 83, 5, NULL, NULL),
(219, 83, 6, NULL, NULL),
(220, 84, 1, NULL, NULL),
(221, 84, 2, NULL, NULL),
(222, 84, 6, NULL, NULL),
(223, 85, 2, NULL, NULL),
(224, 85, 3, NULL, NULL),
(225, 85, 5, NULL, NULL),
(226, 86, 1, NULL, NULL),
(227, 86, 2, NULL, NULL),
(228, 86, 5, NULL, NULL),
(229, 87, 1, NULL, NULL),
(230, 87, 2, NULL, NULL),
(231, 87, 5, NULL, NULL),
(232, 88, 2, NULL, NULL),
(233, 88, 3, NULL, NULL),
(234, 88, 4, NULL, NULL),
(235, 89, 1, NULL, NULL),
(236, 89, 3, NULL, NULL),
(237, 89, 4, NULL, NULL),
(238, 90, 2, NULL, NULL),
(239, 90, 4, NULL, NULL),
(240, 90, 6, NULL, NULL),
(241, 91, 2, NULL, NULL),
(242, 91, 3, NULL, NULL),
(243, 91, 6, NULL, NULL),
(244, 92, 3, NULL, NULL),
(245, 92, 4, NULL, NULL),
(246, 92, 6, NULL, NULL),
(247, 93, 3, NULL, NULL),
(248, 93, 5, NULL, NULL),
(249, 93, 6, NULL, NULL),
(250, 94, 2, NULL, NULL),
(251, 94, 3, NULL, NULL),
(252, 94, 4, NULL, NULL),
(253, 95, 3, NULL, NULL),
(254, 95, 4, NULL, NULL),
(255, 95, 5, NULL, NULL),
(256, 96, 1, NULL, NULL),
(257, 96, 5, NULL, NULL),
(258, 96, 6, NULL, NULL),
(259, 97, 1, NULL, NULL),
(260, 97, 2, NULL, NULL),
(261, 97, 5, NULL, NULL),
(262, 98, 2, NULL, NULL),
(263, 98, 4, NULL, NULL),
(264, 98, 5, NULL, NULL),
(265, 99, 1, NULL, NULL),
(266, 99, 4, NULL, NULL),
(267, 99, 5, NULL, NULL),
(268, 100, 1, NULL, NULL),
(269, 100, 3, NULL, NULL),
(270, 100, 6, NULL, NULL),
(271, 101, 3, NULL, NULL),
(272, 101, 5, NULL, NULL),
(273, 101, 6, NULL, NULL),
(274, 102, 1, NULL, NULL),
(275, 102, 2, NULL, NULL),
(276, 102, 5, NULL, NULL),
(277, 103, 1, NULL, NULL),
(278, 103, 5, NULL, NULL),
(279, 103, 6, NULL, NULL),
(280, 104, 1, NULL, NULL),
(281, 104, 2, NULL, NULL),
(282, 104, 5, NULL, NULL),
(283, 105, 2, NULL, NULL),
(284, 105, 5, NULL, NULL),
(285, 105, 6, NULL, NULL),
(286, 106, 1, NULL, NULL),
(287, 106, 3, NULL, NULL),
(288, 106, 6, NULL, NULL),
(289, 107, 1, NULL, NULL),
(290, 107, 3, NULL, NULL),
(291, 107, 5, NULL, NULL),
(292, 108, 2, NULL, NULL),
(293, 108, 5, NULL, NULL),
(294, 108, 6, NULL, NULL),
(295, 109, 1, NULL, NULL),
(296, 109, 3, NULL, NULL),
(297, 109, 4, NULL, NULL),
(298, 110, 1, NULL, NULL),
(299, 110, 2, NULL, NULL),
(300, 110, 3, NULL, NULL),
(301, 111, 1, NULL, NULL),
(302, 111, 2, NULL, NULL),
(303, 111, 3, NULL, NULL),
(304, 112, 3, NULL, NULL),
(305, 112, 4, NULL, NULL),
(306, 112, 5, NULL, NULL),
(307, 113, 2, NULL, NULL),
(308, 113, 4, NULL, NULL),
(309, 113, 5, NULL, NULL),
(310, 114, 1, NULL, NULL),
(311, 114, 4, NULL, NULL),
(312, 114, 6, NULL, NULL),
(313, 115, 3, NULL, NULL),
(314, 115, 4, NULL, NULL),
(315, 115, 6, NULL, NULL),
(316, 116, 1, NULL, NULL),
(317, 116, 2, NULL, NULL),
(318, 116, 5, NULL, NULL),
(319, 117, 4, NULL, NULL),
(320, 117, 5, NULL, NULL),
(321, 117, 6, NULL, NULL),
(322, 118, 1, NULL, NULL),
(323, 118, 2, NULL, NULL),
(324, 118, 5, NULL, NULL),
(325, 119, 1, NULL, NULL),
(326, 119, 3, NULL, NULL),
(327, 119, 6, NULL, NULL),
(328, 120, 1, NULL, NULL),
(329, 120, 2, NULL, NULL),
(330, 120, 6, NULL, NULL),
(331, 121, 3, NULL, NULL),
(332, 121, 4, NULL, NULL),
(333, 121, 5, NULL, NULL),
(334, 122, 3, NULL, NULL),
(335, 122, 4, NULL, NULL),
(336, 122, 5, NULL, NULL),
(337, 123, 3, NULL, NULL),
(338, 123, 4, NULL, NULL),
(339, 123, 6, NULL, NULL),
(340, 124, 2, NULL, NULL),
(341, 124, 3, NULL, NULL),
(342, 124, 4, NULL, NULL),
(343, 125, 1, NULL, NULL),
(344, 125, 2, NULL, NULL),
(345, 125, 4, NULL, NULL),
(346, 126, 3, NULL, NULL),
(347, 126, 4, NULL, NULL),
(348, 126, 6, NULL, NULL),
(349, 127, 1, NULL, NULL),
(350, 127, 4, NULL, NULL),
(351, 127, 5, NULL, NULL),
(352, 128, 2, NULL, NULL),
(353, 128, 4, NULL, NULL),
(354, 128, 6, NULL, NULL),
(355, 129, 3, NULL, NULL),
(356, 129, 4, NULL, NULL),
(357, 129, 6, NULL, NULL),
(358, 130, 1, NULL, NULL),
(359, 130, 3, NULL, NULL),
(360, 130, 5, NULL, NULL);

-- --------------------------------------------------------

--
-- Структура таблицы `roles`
--

CREATE TABLE `roles` (
  `id` bigint UNSIGNED NOT NULL,
  `name` tinytext COLLATE utf8mb4_unicode_ci NOT NULL,
  `created_at` timestamp NULL DEFAULT NULL,
  `updated_at` timestamp NULL DEFAULT NULL,
  `access_level` tinyint NOT NULL DEFAULT '1'
) ENGINE=InnoDB DEFAULT CHARSET=utf8mb4 COLLATE=utf8mb4_unicode_ci;

--
-- Дамп данных таблицы `roles`
--

INSERT INTO `roles` (`id`, `name`, `created_at`, `updated_at`, `access_level`) VALUES
(1, 'user', NULL, '2022-11-06 14:12:16', 1),
(2, 'admin', '2022-11-06 14:11:03', '2022-11-06 14:11:03', 10);

-- --------------------------------------------------------

--
-- Структура таблицы `subscriptions`
--

CREATE TABLE `subscriptions` (
  `id` bigint UNSIGNED NOT NULL,
  `user_id` bigint UNSIGNED NOT NULL,
  `friend_id` bigint UNSIGNED NOT NULL,
  `created_at` timestamp NULL DEFAULT NULL,
  `updated_at` timestamp NULL DEFAULT NULL
) ENGINE=InnoDB DEFAULT CHARSET=utf8mb4 COLLATE=utf8mb4_unicode_ci;

--
-- Дамп данных таблицы `subscriptions`
--

INSERT INTO `subscriptions` (`id`, `user_id`, `friend_id`, `created_at`, `updated_at`) VALUES
(31, 1, 11, '2022-11-12 10:26:41', '2022-11-12 10:26:41'),
(32, 54, 13, '2022-11-06 11:25:55', '2022-11-06 11:25:55'),
(33, 13, 33, '2022-11-06 11:25:55', '2022-11-06 11:25:55'),
(34, 13, 34, '2022-11-06 11:25:55', '2022-11-06 11:25:55'),
(35, 40, 17, '2022-11-06 11:25:55', '2022-11-06 11:25:55'),
(36, 12, 42, '2022-11-06 11:25:55', '2022-11-06 11:25:55'),
(37, 45, 46, '2022-11-06 11:25:55', '2022-11-06 11:25:55'),
(38, 50, 56, '2022-11-06 11:25:55', '2022-11-06 11:25:55'),
(39, 12, 49, '2022-11-06 11:25:55', '2022-11-06 11:25:55'),
(40, 46, 50, '2022-11-06 11:25:55', '2022-11-06 11:25:55'),
(41, 37, 34, '2022-11-06 11:25:55', '2022-11-06 11:25:55'),
(42, 40, 15, '2022-11-06 11:25:55', '2022-11-06 11:25:55'),
(43, 48, 32, '2022-11-06 11:25:55', '2022-11-06 11:25:55'),
(44, 41, 46, '2022-11-06 11:25:55', '2022-11-06 11:25:55'),
(45, 53, 51, '2022-11-06 11:25:55', '2022-11-06 11:25:55'),
(46, 31, 56, '2022-11-06 11:25:55', '2022-11-06 11:25:55'),
(47, 36, 39, '2022-11-06 11:25:55', '2022-11-06 11:25:55'),
(48, 36, 32, '2022-11-06 11:25:55', '2022-11-06 11:25:55'),
(49, 33, 32, '2022-11-06 11:25:55', '2022-11-06 11:25:55'),
(50, 51, 48, '2022-11-06 11:25:55', '2022-11-06 11:25:55'),
(51, 52, 31, '2022-11-06 11:25:55', '2022-11-06 11:25:55'),
(52, 35, 52, '2022-11-06 11:25:55', '2022-11-06 11:25:55'),
(53, 36, 54, '2022-11-06 11:25:55', '2022-11-06 11:25:55'),
(54, 29, 38, '2022-11-06 11:25:55', '2022-11-06 11:25:55'),
(55, 49, 16, '2022-11-06 11:25:55', '2022-11-06 11:25:55'),
(56, 41, 52, '2022-11-06 11:25:55', '2022-11-06 11:25:55'),
(57, 43, 54, '2022-11-06 11:25:55', '2022-11-06 11:25:55'),
(58, 41, 30, '2022-11-06 11:25:55', '2022-11-06 11:25:55'),
(59, 40, 52, '2022-11-06 11:25:55', '2022-11-06 11:25:55'),
(60, 56, 45, '2022-11-06 11:25:55', '2022-11-06 11:25:55'),
(61, 43, 16, '2022-11-06 11:25:55', '2022-11-06 11:25:55'),
(62, 54, 15, '2022-11-06 11:25:55', '2022-11-06 11:25:55'),
(63, 38, 28, '2022-11-06 11:25:55', '2022-11-06 11:25:55'),
(64, 28, 31, '2022-11-06 11:25:55', '2022-11-06 11:25:55'),
(65, 53, 27, '2022-11-06 11:25:55', '2022-11-06 11:25:55'),
(66, 33, 52, '2022-11-06 11:25:55', '2022-11-06 11:25:55'),
(67, 55, 31, '2022-11-06 11:25:55', '2022-11-06 11:25:55'),
(68, 34, 1, '2022-11-06 11:25:55', '2022-11-06 11:25:55'),
(69, 51, 37, '2022-11-06 11:25:55', '2022-11-06 11:25:55'),
(70, 50, 35, '2022-11-06 11:25:55', '2022-11-06 11:25:55'),
(71, 36, 12, '2022-11-06 11:25:55', '2022-11-06 11:25:55'),
(72, 49, 12, '2022-11-06 11:25:55', '2022-11-06 11:25:55'),
(73, 29, 32, '2022-11-06 11:25:55', '2022-11-06 11:25:55'),
(74, 17, 54, '2022-11-06 11:25:55', '2022-11-06 11:25:55'),
(75, 36, 29, '2022-11-06 11:25:55', '2022-11-06 11:25:55'),
(76, 39, 37, '2022-11-06 11:25:55', '2022-11-06 11:25:55'),
(77, 30, 1, '2022-11-06 11:25:55', '2022-11-06 11:25:55'),
(78, 30, 29, '2022-11-06 11:25:55', '2022-11-06 11:25:55'),
(79, 46, 55, '2022-11-06 11:25:55', '2022-11-06 11:25:55'),
(80, 40, 36, '2022-11-06 11:25:55', '2022-11-06 11:25:55'),
(81, 42, 31, '2022-11-06 11:25:55', '2022-11-06 11:25:55'),
(82, 45, 50, '2022-11-06 11:25:55', '2022-11-06 11:25:55'),
(83, 16, 53, '2022-11-06 11:25:55', '2022-11-06 11:25:55'),
(84, 31, 45, '2022-11-06 11:25:55', '2022-11-06 11:25:55'),
(85, 1, 40, '2022-11-06 11:25:55', '2022-11-06 11:25:55'),
(86, 51, 52, '2022-11-06 11:25:55', '2022-11-06 11:25:55'),
(87, 49, 41, '2022-11-06 11:25:55', '2022-11-06 11:25:55'),
(88, 15, 16, '2022-11-06 11:25:55', '2022-11-06 11:25:55'),
(89, 46, 40, '2022-11-06 11:25:55', '2022-11-06 11:25:55'),
(90, 27, 35, '2022-11-06 11:25:55', '2022-11-06 11:25:55'),
(91, 41, 1, '2022-11-06 11:25:55', '2022-11-06 11:25:55'),
(92, 16, 31, '2022-11-06 11:25:55', '2022-11-06 11:25:55'),
(93, 12, 54, '2022-11-06 11:25:55', '2022-11-06 11:25:55'),
(94, 29, 50, '2022-11-06 11:25:55', '2022-11-06 11:25:55'),
(95, 39, 53, '2022-11-06 11:25:55', '2022-11-06 11:25:55'),
(96, 39, 15, '2022-11-06 11:25:55', '2022-11-06 11:25:55'),
(97, 48, 46, '2022-11-06 11:25:55', '2022-11-06 11:25:55'),
(98, 34, 12, '2022-11-06 11:25:55', '2022-11-06 11:25:55'),
(99, 27, 42, '2022-11-06 11:25:55', '2022-11-06 11:25:55'),
(100, 30, 50, '2022-11-06 11:25:55', '2022-11-06 11:25:55'),
(101, 52, 43, '2022-11-06 11:25:55', '2022-11-06 11:25:55'),
(102, 13, 27, '2022-11-06 11:25:55', '2022-11-06 11:25:55'),
(103, 40, 48, '2022-11-06 11:25:55', '2022-11-06 11:25:55'),
(104, 31, 38, '2022-11-06 11:25:55', '2022-11-06 11:25:55'),
(105, 12, 27, '2022-11-06 11:25:55', '2022-11-06 11:25:55'),
(106, 38, 27, '2022-11-06 11:25:55', '2022-11-06 11:25:55'),
(107, 12, 28, '2022-11-06 11:25:55', '2022-11-06 11:25:55'),
(108, 32, 42, '2022-11-06 11:25:55', '2022-11-06 11:25:55'),
(109, 54, 27, '2022-11-06 11:25:55', '2022-11-06 11:25:55'),
(110, 31, 41, '2022-11-06 11:25:55', '2022-11-06 11:25:55'),
(111, 54, 52, '2022-11-06 11:25:55', '2022-11-06 11:25:55'),
(112, 36, 51, '2022-11-06 11:25:55', '2022-11-06 11:25:55'),
(113, 45, 56, '2022-11-06 11:25:55', '2022-11-06 11:25:55'),
(114, 54, 31, '2022-11-06 11:25:55', '2022-11-06 11:25:55'),
(115, 43, 1, '2022-11-06 11:25:55', '2022-11-06 11:25:55'),
(116, 38, 48, '2022-11-06 11:25:55', '2022-11-06 11:25:55'),
(117, 27, 39, '2022-11-06 11:25:55', '2022-11-06 11:25:55'),
(118, 45, 43, '2022-11-06 11:25:55', '2022-11-06 11:25:55'),
(119, 16, 37, '2022-11-06 11:25:55', '2022-11-06 11:25:55'),
(120, 51, 16, '2022-11-06 11:25:55', '2022-11-06 11:25:55'),
(121, 16, 56, '2022-11-06 11:25:55', '2022-11-06 11:25:55'),
(122, 28, 48, '2022-11-06 11:25:55', '2022-11-06 11:25:55'),
(123, 11, 43, '2022-11-06 11:25:55', '2022-11-06 11:25:55'),
(124, 47, 35, '2022-11-06 11:25:55', '2022-11-06 11:25:55'),
(125, 50, 11, '2022-11-06 11:25:55', '2022-11-06 11:25:55'),
(126, 17, 41, '2022-11-06 11:25:55', '2022-11-06 11:25:55'),
(127, 54, 33, '2022-11-06 11:25:55', '2022-11-06 11:25:55'),
(128, 34, 27, '2022-11-06 11:25:55', '2022-11-06 11:25:55'),
(129, 45, 47, '2022-11-06 11:25:55', '2022-11-06 11:25:55'),
(130, 47, 51, '2022-11-06 11:25:55', '2022-11-06 11:25:55'),
(131, 28, 36, '2022-11-06 11:25:55', '2022-11-06 11:25:55');

-- --------------------------------------------------------

--
-- Структура таблицы `tags`
--

CREATE TABLE `tags` (
  `id` bigint UNSIGNED NOT NULL,
  `name` varchar(255) COLLATE utf8mb4_unicode_ci NOT NULL,
  `created_at` timestamp NULL DEFAULT NULL,
  `updated_at` timestamp NULL DEFAULT NULL
) ENGINE=InnoDB DEFAULT CHARSET=utf8mb4 COLLATE=utf8mb4_unicode_ci;

--
-- Дамп данных таблицы `tags`
--

INSERT INTO `tags` (`id`, `name`, `created_at`, `updated_at`) VALUES
(1, 'Summer', '2022-11-07 08:01:49', '2022-11-07 08:01:49'),
(2, 'Weekend', '2022-11-07 08:02:00', '2022-11-07 08:02:00'),
(3, 'New year', '2022-11-07 08:02:10', '2022-11-07 08:02:10'),
(4, 'Food', '2022-11-07 08:02:24', '2022-11-07 08:02:24'),
(5, 'Job', '2022-11-07 08:02:29', '2022-11-07 08:02:29'),
(6, 'Love', '2022-11-07 08:02:40', '2022-11-07 08:02:40');

-- --------------------------------------------------------

--
-- Структура таблицы `users`
--

CREATE TABLE `users` (
  `id` bigint UNSIGNED NOT NULL,
  `name` varchar(255) COLLATE utf8mb4_unicode_ci NOT NULL,
  `email` varchar(255) COLLATE utf8mb4_unicode_ci NOT NULL,
  `email_verified_at` timestamp NULL DEFAULT NULL,
  `password` varchar(255) COLLATE utf8mb4_unicode_ci NOT NULL,
  `remember_token` varchar(100) COLLATE utf8mb4_unicode_ci DEFAULT NULL,
  `created_at` timestamp NULL DEFAULT NULL,
  `updated_at` timestamp NULL DEFAULT NULL,
  `role_id` bigint UNSIGNED NOT NULL DEFAULT '1',
  `avatar` varchar(255) CHARACTER SET utf8mb4 COLLATE utf8mb4_unicode_ci DEFAULT 'images/user.png',
  `age` smallint UNSIGNED DEFAULT NULL,
  `gender` tinytext COLLATE utf8mb4_unicode_ci
) ENGINE=InnoDB DEFAULT CHARSET=utf8mb4 COLLATE=utf8mb4_unicode_ci;

--
-- Дамп данных таблицы `users`
--

INSERT INTO `users` (`id`, `name`, `email`, `email_verified_at`, `password`, `remember_token`, `created_at`, `updated_at`, `role_id`, `avatar`, `age`, `gender`) VALUES
(1, 'Admin', 'admin@mail.ru', NULL, '$2y$10$tmWol4xIuC33SEvrgFLxYeUFSwcwNrD2xSRLE05Z..75HiTME1Pxy', 'qKr4vwST22AFe9C46SkfVk0gnweyVRZDzoSa3AHcYwCDfN4AnnNasNV8ibo9', '2022-11-06 11:25:55', '2022-11-12 10:26:13', 2, 'images/F4Ryr1EA2FybCkMx6GAMrmgHiwzFHYTmD77spOGz.jpg', 24, 'male'),
(11, 'Vasya', 'vasya@mail.ru', NULL, '$2y$10$u2lCgIaF/0oKeTxloYXltOECCExZNBNUBMgYi.QtFmkgPqXbtc.Si', NULL, '2022-11-07 04:48:39', '2022-11-07 04:48:39', 1, 'images/user.png', 22, 'male'),
(12, 'user', 'user@mail.ru', NULL, '$2y$10$Fx6MUoGy3MijWqO75PBfseAUUCc2ZhN3iYe4I0LphxRLfbyDBINY.', NULL, '2022-11-07 13:45:41', '2022-11-08 01:58:52', 1, 'images/iatYrYwhb5ABxp1B3k2ON9Xxc2jvoU10yQOnNIa3.jpg', NULL, 'male'),
(13, 'Arkadii', 'arkasha@mail.ru', NULL, '$2y$10$uMjkWMjXfS9JTloLtAqkhOGk3hOIqc6FwO1AqK2h3pswmKTfQ3b2.', NULL, '2022-11-08 12:00:21', '2022-11-11 07:51:33', 1, 'images/user.png', NULL, 'male'),
(15, 'Kosoy', 'none@mail.ru', NULL, '$2y$10$c5JDsUJy5L8j6/0iy8npY.gg3rOGSICzNoovomND.N/sxVdzNfDju', NULL, '2022-11-08 12:48:27', '2022-11-11 07:51:27', 1, 'images/user.png', NULL, 'male'),
(16, 'hliuhiuh', 'admiliuhliuhn@mail.ru', NULL, '$2y$10$Hx8VMmYdhlbVfrmkHhU1ouWVQ.reT3vC7esT.lvtY3avguzt4m.Ui', NULL, '2022-11-11 10:55:30', '2022-11-11 10:55:30', 1, 'images/user.png', 23, 'female'),
(17, 'Caterina Gerhold I', 'noemy.feeney@example.org', '2022-11-12 11:25:34', '$2y$10$92IXUNpkjO0rOQ5byMi.Ye4oKoEa3Ro9llC/.og/at2.uheWG/igi', 'culCM673KA', '1977-07-25 17:44:54', '1977-09-18 10:20:49', 1, 'images/user.png', 24, 'female'),
(27, 'Prof. Vivian Collier I', 'schultz.lesly@example.net', '2022-11-12 11:27:39', '$2y$10$92IXUNpkjO0rOQ5byMi.Ye4oKoEa3Ro9llC/.og/at2.uheWG/igi', 'NHZVX5Ex0q', '2022-11-06 11:25:55', '2022-11-06 11:25:55', 1, 'images/user.png', 33, 'male'),
(28, 'Bert Durgan', 'ztremblay@example.com', '2022-11-12 11:27:39', '$2y$10$92IXUNpkjO0rOQ5byMi.Ye4oKoEa3Ro9llC/.og/at2.uheWG/igi', '89dL77nnOF', '2022-11-06 11:25:55', '2022-11-06 11:25:55', 1, 'images/user.png', 30, 'female'),
(29, 'Jaydon Tillman V', 'schamberger.larry@example.net', '2022-11-12 11:27:39', '$2y$10$92IXUNpkjO0rOQ5byMi.Ye4oKoEa3Ro9llC/.og/at2.uheWG/igi', 'Fp4FQYiTW2', '2022-11-06 11:25:55', '2022-11-06 11:25:55', 1, 'images/user.png', 32, 'female'),
(30, 'Sim Douglas', 'ukuhlman@example.org', '2022-11-12 11:27:39', '$2y$10$92IXUNpkjO0rOQ5byMi.Ye4oKoEa3Ro9llC/.og/at2.uheWG/igi', 'a0BO0kaQr4', '2022-11-06 11:25:55', '2022-11-06 11:25:55', 1, 'images/user.png', 36, 'male'),
(31, 'Adriel Wyman', 'sister97@example.net', '2022-11-12 11:27:39', '$2y$10$92IXUNpkjO0rOQ5byMi.Ye4oKoEa3Ro9llC/.og/at2.uheWG/igi', 'ptXwzyDvyn', '2022-11-06 11:25:55', '2022-11-06 11:25:55', 1, 'images/user.png', 32, 'male'),
(32, 'Eliane Wolff', 'nikolaus.dylan@example.org', '2022-11-12 11:27:39', '$2y$10$92IXUNpkjO0rOQ5byMi.Ye4oKoEa3Ro9llC/.og/at2.uheWG/igi', 'dt1gzBmsgg', '2022-11-06 11:25:55', '2022-11-06 11:25:55', 1, 'images/user.png', 33, 'female'),
(33, 'Linwood Mann V', 'enola46@example.net', '2022-11-12 11:27:39', '$2y$10$92IXUNpkjO0rOQ5byMi.Ye4oKoEa3Ro9llC/.og/at2.uheWG/igi', 'B3QcM9sRv7', '2022-11-06 11:25:55', '2022-11-06 11:25:55', 1, 'images/user.png', 33, 'male'),
(34, 'Domenico Flatley Jr.', 'lockman.rory@example.com', '2022-11-12 11:27:39', '$2y$10$92IXUNpkjO0rOQ5byMi.Ye4oKoEa3Ro9llC/.og/at2.uheWG/igi', 'bRiYDkqBwL', '2022-11-06 11:25:55', '2022-11-06 11:25:55', 1, 'images/user.png', 40, 'male'),
(35, 'Hailie Prohaska', 'joe09@example.org', '2022-11-12 11:27:39', '$2y$10$92IXUNpkjO0rOQ5byMi.Ye4oKoEa3Ro9llC/.og/at2.uheWG/igi', 'hR9J27fDEi', '2022-11-06 11:25:55', '2022-11-06 11:25:55', 1, 'images/user.png', 31, 'female'),
(36, 'Prof. Kenna Robel MD', 'ned34@example.com', '2022-11-12 11:27:39', '$2y$10$92IXUNpkjO0rOQ5byMi.Ye4oKoEa3Ro9llC/.og/at2.uheWG/igi', '8KIZSs7p7N', '2022-11-06 11:25:55', '2022-11-06 11:25:55', 1, 'images/user.png', 40, 'female'),
(37, 'Alanis Adams Jr.', 'wleannon@example.com', '2022-11-12 11:28:08', '$2y$10$92IXUNpkjO0rOQ5byMi.Ye4oKoEa3Ro9llC/.og/at2.uheWG/igi', 'iON0Xi9F4X', '2022-11-06 11:25:55', '2022-11-06 11:25:55', 1, 'images/user.png', 28, 'male'),
(38, 'Danielle Koepp', 'kokeefe@example.com', '2022-11-12 11:28:08', '$2y$10$92IXUNpkjO0rOQ5byMi.Ye4oKoEa3Ro9llC/.og/at2.uheWG/igi', 'McIHvFIDaQ', '2022-11-06 11:25:55', '2022-11-06 11:25:55', 1, 'images/user.png', 20, 'female'),
(39, 'Prof. Candice Schroeder MD', 'gbergstrom@example.net', '2022-11-12 11:28:08', '$2y$10$92IXUNpkjO0rOQ5byMi.Ye4oKoEa3Ro9llC/.og/at2.uheWG/igi', '9S8rwMf4Dy', '2022-11-06 11:25:55', '2022-11-06 11:25:55', 1, 'images/user.png', 36, 'female'),
(40, 'Lucio Wilderman', 'ewisozk@example.org', '2022-11-12 11:28:08', '$2y$10$92IXUNpkjO0rOQ5byMi.Ye4oKoEa3Ro9llC/.og/at2.uheWG/igi', 'OkRZXeIKI3', '2022-11-06 11:25:55', '2022-11-06 11:25:55', 1, 'images/user.png', 28, 'male'),
(41, 'Orville Hyatt', 'demarcus65@example.net', '2022-11-12 11:28:08', '$2y$10$92IXUNpkjO0rOQ5byMi.Ye4oKoEa3Ro9llC/.og/at2.uheWG/igi', 'X2QBS4bKDr', '2022-11-06 11:25:55', '2022-11-06 11:25:55', 1, 'images/user.png', 20, 'female'),
(42, 'Doris Runolfsson', 'cschaden@example.com', '2022-11-12 11:28:08', '$2y$10$92IXUNpkjO0rOQ5byMi.Ye4oKoEa3Ro9llC/.og/at2.uheWG/igi', 'AnrqpQ6F5J', '2022-11-06 11:25:55', '2022-11-06 11:25:55', 1, 'images/user.png', 24, 'female'),
(43, 'Prof. Lukas Heller', 'wilfredo63@example.com', '2022-11-12 11:28:08', '$2y$10$92IXUNpkjO0rOQ5byMi.Ye4oKoEa3Ro9llC/.og/at2.uheWG/igi', '2B5kAWtpDU', '2022-11-06 11:25:55', '2022-11-06 11:25:55', 1, 'images/user.png', 30, 'female'),
(44, 'Moises Frami', 'vlynch@example.net', '2022-11-12 11:28:08', '$2y$10$92IXUNpkjO0rOQ5byMi.Ye4oKoEa3Ro9llC/.og/at2.uheWG/igi', '9qm5pjZrJl', '2022-11-06 11:25:55', '2022-11-06 11:25:55', 1, 'images/user.png', 22, 'male'),
(45, 'Prof. Aliya Senger', 'sabryna17@example.com', '2022-11-12 11:28:08', '$2y$10$92IXUNpkjO0rOQ5byMi.Ye4oKoEa3Ro9llC/.og/at2.uheWG/igi', 'eAXnzzJZHQ', '2022-11-06 11:25:55', '2022-11-06 11:25:55', 1, 'images/user.png', 24, 'male'),
(46, 'May Streich', 'michale.reichel@example.com', '2022-11-12 11:28:08', '$2y$10$92IXUNpkjO0rOQ5byMi.Ye4oKoEa3Ro9llC/.og/at2.uheWG/igi', 's7Wx0O6wZr', '2022-11-06 11:25:55', '2022-11-06 11:25:55', 1, 'images/user.png', 26, 'male'),
(47, 'Esta Glover', 'quigley.zachery@example.org', '2022-11-12 11:55:45', '$2y$10$92IXUNpkjO0rOQ5byMi.Ye4oKoEa3Ro9llC/.og/at2.uheWG/igi', '7FrzZ7pScY', '2022-11-06 11:25:55', '2022-11-06 11:25:55', 1, 'images/user.png', 39, 'male'),
(48, 'Dr. Gloria Hermann', 'jordan72@example.org', '2022-11-12 11:55:45', '$2y$10$92IXUNpkjO0rOQ5byMi.Ye4oKoEa3Ro9llC/.og/at2.uheWG/igi', 'xVI5GwU15T', '2022-11-06 11:25:55', '2022-11-06 11:25:55', 1, 'images/user.png', 36, 'female'),
(49, 'Dr. Kyla Douglas', 'evans.jaskolski@example.com', '2022-11-12 11:55:45', '$2y$10$92IXUNpkjO0rOQ5byMi.Ye4oKoEa3Ro9llC/.og/at2.uheWG/igi', 'rWi4hdJJfa', '2022-11-06 11:25:55', '2022-11-06 11:25:55', 1, 'images/user.png', 21, 'male'),
(50, 'Samara Weimann', 'patience.howe@example.org', '2022-11-12 11:55:45', '$2y$10$92IXUNpkjO0rOQ5byMi.Ye4oKoEa3Ro9llC/.og/at2.uheWG/igi', 'AGiWFB3GbW', '2022-11-06 11:25:55', '2022-11-06 11:25:55', 1, 'images/user.png', 37, 'female'),
(51, 'Dr. Percival Huels III', 'bergstrom.may@example.net', '2022-11-12 11:55:45', '$2y$10$92IXUNpkjO0rOQ5byMi.Ye4oKoEa3Ro9llC/.og/at2.uheWG/igi', 'wZCQaVBcjh', '2022-11-06 11:25:55', '2022-11-06 11:25:55', 1, 'images/user.png', 40, 'female'),
(52, 'Lois Labadie', 'aubree.abshire@example.net', '2022-11-12 11:55:45', '$2y$10$92IXUNpkjO0rOQ5byMi.Ye4oKoEa3Ro9llC/.og/at2.uheWG/igi', 'dz9qglgvGl', '2022-11-06 11:25:55', '2022-11-06 11:25:55', 1, 'images/user.png', 21, 'male'),
(53, 'Ms. Elouise Johns I', 'jeramy34@example.com', '2022-11-12 11:55:45', '$2y$10$92IXUNpkjO0rOQ5byMi.Ye4oKoEa3Ro9llC/.og/at2.uheWG/igi', 'ShAvjk49lv', '2022-11-06 11:25:55', '2022-11-06 11:25:55', 1, 'images/user.png', 32, 'female'),
(54, 'Prof. Floyd Haley V', 'ukreiger@example.net', '2022-11-12 11:55:45', '$2y$10$92IXUNpkjO0rOQ5byMi.Ye4oKoEa3Ro9llC/.og/at2.uheWG/igi', 'ncF9Ix4MZe', '2022-11-06 11:25:55', '2022-11-06 11:25:55', 1, 'images/user.png', 34, 'male'),
(55, 'Dr. Theresa Schowalter PhD', 'flavie.harber@example.org', '2022-11-12 11:55:45', '$2y$10$92IXUNpkjO0rOQ5byMi.Ye4oKoEa3Ro9llC/.og/at2.uheWG/igi', 'rv0QfWTY57', '2022-11-06 11:25:55', '2022-11-06 11:25:55', 1, 'images/user.png', 21, 'female'),
(56, 'Jasen Moen', 'carolanne81@example.com', '2022-11-12 11:55:45', '$2y$10$92IXUNpkjO0rOQ5byMi.Ye4oKoEa3Ro9llC/.og/at2.uheWG/igi', 'R9FJvNiVCi', '2022-11-06 11:25:55', '2022-11-06 11:25:55', 1, 'images/user.png', 33, 'female'),
(57, 'Lindsey Crona', 'kaitlin.sawayn@example.com', '2022-11-12 12:20:21', '$2y$10$92IXUNpkjO0rOQ5byMi.Ye4oKoEa3Ro9llC/.og/at2.uheWG/igi', 'r3UtTwSxA4', '2022-11-06 11:25:55', '2022-11-06 11:25:55', 1, 'images/user.png', 25, 'male'),
(58, 'Jasen Mraz MD', 'stacy.miller@example.net', '2022-11-12 12:20:21', '$2y$10$92IXUNpkjO0rOQ5byMi.Ye4oKoEa3Ro9llC/.og/at2.uheWG/igi', 'VlXSytvBcV', '2022-11-06 11:25:55', '2022-11-06 11:25:55', 1, 'images/user.png', 39, 'female'),
(59, 'Kaleb Schaefer', 'orn.emmy@example.org', '2022-11-12 12:20:21', '$2y$10$92IXUNpkjO0rOQ5byMi.Ye4oKoEa3Ro9llC/.og/at2.uheWG/igi', 'cN4IEZ34DA', '2022-11-06 11:25:55', '2022-11-06 11:25:55', 1, 'images/user.png', 29, 'female'),
(60, 'Nolan Doyle DDS', 'alicia.rutherford@example.net', '2022-11-12 12:20:21', '$2y$10$92IXUNpkjO0rOQ5byMi.Ye4oKoEa3Ro9llC/.og/at2.uheWG/igi', 'Ww7NncBpza', '2022-11-06 11:25:55', '2022-11-06 11:25:55', 1, 'images/user.png', 34, 'female'),
(61, 'Jessie Schaefer I', 'ova80@example.com', '2022-11-12 12:20:21', '$2y$10$92IXUNpkjO0rOQ5byMi.Ye4oKoEa3Ro9llC/.og/at2.uheWG/igi', 'qPfPHiTG6V', '2022-11-06 11:25:55', '2022-11-06 11:25:55', 1, 'images/user.png', 29, 'female'),
(62, 'Damion Sanford', 'paolo.oconnell@example.org', '2022-11-12 12:20:21', '$2y$10$92IXUNpkjO0rOQ5byMi.Ye4oKoEa3Ro9llC/.og/at2.uheWG/igi', 'P6DAF7VpJJ', '2022-11-06 11:25:55', '2022-11-06 11:25:55', 1, 'images/user.png', 29, 'male'),
(63, 'Mackenzie Lueilwitz', 'tthiel@example.org', '2022-11-12 12:20:21', '$2y$10$92IXUNpkjO0rOQ5byMi.Ye4oKoEa3Ro9llC/.og/at2.uheWG/igi', 'OAROYNcWAS', '2022-11-06 11:25:55', '2022-11-06 11:25:55', 1, 'images/user.png', 31, 'female'),
(64, 'Quinton Grimes Sr.', 'vito70@example.org', '2022-11-12 12:20:21', '$2y$10$92IXUNpkjO0rOQ5byMi.Ye4oKoEa3Ro9llC/.og/at2.uheWG/igi', 'ETWjydfvpC', '2022-11-06 11:25:55', '2022-11-06 11:25:55', 1, 'images/user.png', 25, 'male'),
(65, 'Morton Bogisich', 'eleanore04@example.org', '2022-11-12 12:20:21', '$2y$10$92IXUNpkjO0rOQ5byMi.Ye4oKoEa3Ro9llC/.og/at2.uheWG/igi', '74qZQwTIbm', '2022-11-06 11:25:55', '2022-11-06 11:25:55', 1, 'images/user.png', 26, 'female'),
(66, 'Sandy Satterfield', 'dario.hayes@example.com', '2022-11-12 12:20:21', '$2y$10$92IXUNpkjO0rOQ5byMi.Ye4oKoEa3Ro9llC/.og/at2.uheWG/igi', 'YTOl1M2KSK', '2022-11-06 11:25:55', '2022-11-06 11:25:55', 1, 'images/user.png', 30, 'female'),
(67, 'Annamarie Turcotte', 'pouros.consuelo@example.com', '2022-11-12 12:20:21', '$2y$10$92IXUNpkjO0rOQ5byMi.Ye4oKoEa3Ro9llC/.og/at2.uheWG/igi', 'nsg3WJ5kn3', '2022-11-06 11:25:55', '2022-11-06 11:25:55', 1, 'images/user.png', 25, 'female'),
(68, 'Newell Ebert MD', 'darlene.lebsack@example.net', '2022-11-12 12:20:21', '$2y$10$92IXUNpkjO0rOQ5byMi.Ye4oKoEa3Ro9llC/.og/at2.uheWG/igi', 'CRMwLxL5Za', '2022-11-06 11:25:55', '2022-11-06 11:25:55', 1, 'images/user.png', 22, 'male'),
(69, 'Mr. Blake Kuphal', 'daniel.kiera@example.org', '2022-11-12 12:20:21', '$2y$10$92IXUNpkjO0rOQ5byMi.Ye4oKoEa3Ro9llC/.og/at2.uheWG/igi', '3LAlbKcisq', '2022-11-06 11:25:55', '2022-11-06 11:25:55', 1, 'images/user.png', 33, 'female'),
(70, 'Demond Thompson', 'retha.schneider@example.com', '2022-11-12 12:20:21', '$2y$10$92IXUNpkjO0rOQ5byMi.Ye4oKoEa3Ro9llC/.og/at2.uheWG/igi', 'jSxeax8Jk5', '2022-11-06 11:25:55', '2022-11-06 11:25:55', 1, 'images/user.png', 28, 'female'),
(71, 'Roel Kuhic', 'jefferey.casper@example.net', '2022-11-12 12:20:21', '$2y$10$92IXUNpkjO0rOQ5byMi.Ye4oKoEa3Ro9llC/.og/at2.uheWG/igi', 'VMd8SB93Ue', '2022-11-06 11:25:55', '2022-11-06 11:25:55', 1, 'images/user.png', 39, 'male'),
(72, 'Maxime Von', 'tamara69@example.org', '2022-11-12 12:20:21', '$2y$10$92IXUNpkjO0rOQ5byMi.Ye4oKoEa3Ro9llC/.og/at2.uheWG/igi', 'ZETxbhVHWe', '2022-11-06 11:25:55', '2022-11-06 11:25:55', 1, 'images/user.png', 25, 'male'),
(73, 'Dessie Lueilwitz', 'reichert.jakayla@example.com', '2022-11-12 12:20:21', '$2y$10$92IXUNpkjO0rOQ5byMi.Ye4oKoEa3Ro9llC/.og/at2.uheWG/igi', 'IncdhrQNWx', '2022-11-06 11:25:55', '2022-11-06 11:25:55', 1, 'images/user.png', 33, 'male'),
(74, 'Clovis Keeling', 'labadie.bernadine@example.com', '2022-11-12 12:20:21', '$2y$10$92IXUNpkjO0rOQ5byMi.Ye4oKoEa3Ro9llC/.og/at2.uheWG/igi', 'Zad4RX6SvS', '2022-11-06 11:25:55', '2022-11-06 11:25:55', 1, 'images/user.png', 34, 'male'),
(75, 'Mrs. Lydia Champlin DVM', 'brooks.mohr@example.org', '2022-11-12 12:20:21', '$2y$10$92IXUNpkjO0rOQ5byMi.Ye4oKoEa3Ro9llC/.og/at2.uheWG/igi', 'vLRIgETz4Y', '2022-11-06 11:25:55', '2022-11-06 11:25:55', 1, 'images/user.png', 23, 'male'),
(76, 'Janet Graham', 'wmarquardt@example.org', '2022-11-12 12:20:21', '$2y$10$92IXUNpkjO0rOQ5byMi.Ye4oKoEa3Ro9llC/.og/at2.uheWG/igi', 'I5IRudI3qY', '2022-11-06 11:25:55', '2022-11-06 11:25:55', 1, 'images/user.png', 34, 'male'),
(77, 'Elvie Wilderman', 'beier.nicklaus@example.com', '2022-11-12 12:20:21', '$2y$10$92IXUNpkjO0rOQ5byMi.Ye4oKoEa3Ro9llC/.og/at2.uheWG/igi', 'bf9BoQGnVy', '2022-11-06 11:25:55', '2022-11-06 11:25:55', 1, 'images/user.png', 25, 'female'),
(78, 'Mariah Kohler Sr.', 'dibbert.queenie@example.com', '2022-11-12 12:20:21', '$2y$10$92IXUNpkjO0rOQ5byMi.Ye4oKoEa3Ro9llC/.og/at2.uheWG/igi', 'ASZLnDy8dR', '2022-11-06 11:25:55', '2022-11-06 11:25:55', 1, 'images/user.png', 39, 'female'),
(79, 'Miss Chanelle Kerluke I', 'vabernathy@example.com', '2022-11-12 12:20:21', '$2y$10$92IXUNpkjO0rOQ5byMi.Ye4oKoEa3Ro9llC/.og/at2.uheWG/igi', '6sTIQnTTxu', '2022-11-06 11:25:55', '2022-11-06 11:25:55', 1, 'images/user.png', 40, 'male'),
(80, 'Dr. Elaina Jacobson', 'al.hickle@example.com', '2022-11-12 12:20:21', '$2y$10$92IXUNpkjO0rOQ5byMi.Ye4oKoEa3Ro9llC/.og/at2.uheWG/igi', '4CuzxTtgym', '2022-11-06 11:25:55', '2022-11-06 11:25:55', 1, 'images/user.png', 32, 'female'),
(81, 'Prof. Velva Huels Sr.', 'andy23@example.org', '2022-11-12 12:20:21', '$2y$10$92IXUNpkjO0rOQ5byMi.Ye4oKoEa3Ro9llC/.og/at2.uheWG/igi', '3QYtXe3KaS', '2022-11-06 11:25:55', '2022-11-06 11:25:55', 1, 'images/user.png', 39, 'female'),
(82, 'Arturo Ledner', 'jerad.mertz@example.org', '2022-11-12 12:20:21', '$2y$10$92IXUNpkjO0rOQ5byMi.Ye4oKoEa3Ro9llC/.og/at2.uheWG/igi', 'Gmen5sUsxU', '2022-11-06 11:25:55', '2022-11-06 11:25:55', 1, 'images/user.png', 39, 'male'),
(83, 'Ari Gerlach I', 'kankunding@example.com', '2022-11-12 12:20:21', '$2y$10$92IXUNpkjO0rOQ5byMi.Ye4oKoEa3Ro9llC/.og/at2.uheWG/igi', 'HBtRoG1tug', '2022-11-06 11:25:55', '2022-11-06 11:25:55', 1, 'images/user.png', 36, 'female'),
(84, 'Maude Schmeler', 'smith.rosalind@example.org', '2022-11-12 12:20:21', '$2y$10$92IXUNpkjO0rOQ5byMi.Ye4oKoEa3Ro9llC/.og/at2.uheWG/igi', 'LTrs8AW4P2', '2022-11-06 11:25:55', '2022-11-06 11:25:55', 1, 'images/user.png', 35, 'male'),
(85, 'Chelsey Zulauf I', 'hrunolfsdottir@example.com', '2022-11-12 12:20:21', '$2y$10$92IXUNpkjO0rOQ5byMi.Ye4oKoEa3Ro9llC/.og/at2.uheWG/igi', 'Umvv9zhyAE', '2022-11-06 11:25:55', '2022-11-06 11:25:55', 1, 'images/user.png', 40, 'male'),
(86, 'Prof. Tomasa Homenick MD', 'luettgen.alfonzo@example.com', '2022-11-12 12:20:21', '$2y$10$92IXUNpkjO0rOQ5byMi.Ye4oKoEa3Ro9llC/.og/at2.uheWG/igi', '0WiMF2TFNz', '2022-11-06 11:25:55', '2022-11-06 11:25:55', 1, 'images/user.png', 27, 'female'),
(87, 'Monte Bergstrom I', 'janice24@example.com', '2022-11-12 12:20:21', '$2y$10$92IXUNpkjO0rOQ5byMi.Ye4oKoEa3Ro9llC/.og/at2.uheWG/igi', 'M2x3UhF4dz', '2022-11-06 11:25:55', '2022-11-06 11:25:55', 1, 'images/user.png', 38, 'female'),
(88, 'Cortez Trantow', 'abbey.feest@example.net', '2022-11-12 12:20:21', '$2y$10$92IXUNpkjO0rOQ5byMi.Ye4oKoEa3Ro9llC/.og/at2.uheWG/igi', 'Cn8T1Nx9yB', '2022-11-06 11:25:55', '2022-11-06 11:25:55', 1, 'images/user.png', 28, 'female'),
(89, 'Dr. Santiago Kshlerin', 'nyasia.shields@example.org', '2022-11-12 12:20:21', '$2y$10$92IXUNpkjO0rOQ5byMi.Ye4oKoEa3Ro9llC/.og/at2.uheWG/igi', 'aPbTF5WyuW', '2022-11-06 11:25:55', '2022-11-06 11:25:55', 1, 'images/user.png', 23, 'female'),
(90, 'Coralie Hansen', 'william84@example.net', '2022-11-12 12:20:21', '$2y$10$92IXUNpkjO0rOQ5byMi.Ye4oKoEa3Ro9llC/.og/at2.uheWG/igi', 'o5kmZDmSKS', '2022-11-06 11:25:55', '2022-11-06 11:25:55', 1, 'images/user.png', 26, 'male'),
(91, 'Jalen Deckow', 'njacobi@example.net', '2022-11-12 12:20:21', '$2y$10$92IXUNpkjO0rOQ5byMi.Ye4oKoEa3Ro9llC/.og/at2.uheWG/igi', 'E8ie0Eu8sr', '2022-11-06 11:25:55', '2022-11-06 11:25:55', 1, 'images/user.png', 38, 'female'),
(92, 'Gregorio Morissette', 'skuvalis@example.com', '2022-11-12 12:20:21', '$2y$10$92IXUNpkjO0rOQ5byMi.Ye4oKoEa3Ro9llC/.og/at2.uheWG/igi', 'Zf1KRbsYpK', '2022-11-06 11:25:55', '2022-11-06 11:25:55', 1, 'images/user.png', 32, 'male'),
(93, 'Idella Stroman', 'uaufderhar@example.org', '2022-11-12 12:20:21', '$2y$10$92IXUNpkjO0rOQ5byMi.Ye4oKoEa3Ro9llC/.og/at2.uheWG/igi', 'sHDmEvB89y', '2022-11-06 11:25:55', '2022-11-06 11:25:55', 1, 'images/user.png', 39, 'male'),
(94, 'Dr. Hassan Rau', 'jreichert@example.net', '2022-11-12 12:20:21', '$2y$10$92IXUNpkjO0rOQ5byMi.Ye4oKoEa3Ro9llC/.og/at2.uheWG/igi', 'eoRDGVKd3Y', '2022-11-06 11:25:55', '2022-11-06 11:25:55', 1, 'images/user.png', 33, 'female'),
(95, 'Shawna Ryan', 'white.zena@example.net', '2022-11-12 12:20:21', '$2y$10$92IXUNpkjO0rOQ5byMi.Ye4oKoEa3Ro9llC/.og/at2.uheWG/igi', 'wtvrYDEeZP', '2022-11-06 11:25:55', '2022-11-06 11:25:55', 1, 'images/user.png', 24, 'male'),
(96, 'Dr. Brisa Schmidt', 'deborah17@example.net', '2022-11-12 12:20:21', '$2y$10$92IXUNpkjO0rOQ5byMi.Ye4oKoEa3Ro9llC/.og/at2.uheWG/igi', 'Sy6KL4is97', '2022-11-06 11:25:55', '2022-11-06 11:25:55', 1, 'images/user.png', 23, 'male'),
(97, 'Eleonore Jacobson', 'considine.easton@example.com', '2022-11-12 12:20:21', '$2y$10$92IXUNpkjO0rOQ5byMi.Ye4oKoEa3Ro9llC/.og/at2.uheWG/igi', 'Xcyhs8PO7C', '2022-11-06 11:25:55', '2022-11-06 11:25:55', 1, 'images/user.png', 21, 'male'),
(98, 'Reginald Boyle', 'reichmann@example.org', '2022-11-12 12:20:21', '$2y$10$92IXUNpkjO0rOQ5byMi.Ye4oKoEa3Ro9llC/.og/at2.uheWG/igi', 'PDVsQsTrnl', '2022-11-06 11:25:55', '2022-11-06 11:25:55', 1, 'images/user.png', 21, 'female'),
(99, 'Quinton Wiza', 'yromaguera@example.net', '2022-11-12 12:20:21', '$2y$10$92IXUNpkjO0rOQ5byMi.Ye4oKoEa3Ro9llC/.og/at2.uheWG/igi', 'VUNXUlZS7z', '2022-11-06 11:25:55', '2022-11-06 11:25:55', 1, 'images/user.png', 28, 'male'),
(100, 'Laron Leannon', 'maybelle.mccullough@example.net', '2022-11-12 12:20:21', '$2y$10$92IXUNpkjO0rOQ5byMi.Ye4oKoEa3Ro9llC/.og/at2.uheWG/igi', 'Smo8OPEFLu', '2022-11-06 11:25:55', '2022-11-06 11:25:55', 1, 'images/user.png', 37, 'male'),
(101, 'Ophelia Durgan', 'emelie82@example.net', '2022-11-12 12:20:21', '$2y$10$92IXUNpkjO0rOQ5byMi.Ye4oKoEa3Ro9llC/.og/at2.uheWG/igi', 'XbDisDA8vP', '2022-11-06 11:25:55', '2022-11-06 11:25:55', 1, 'images/user.png', 29, 'male'),
(102, 'Dr. Gordon Armstrong IV', 'dorcas.padberg@example.org', '2022-11-12 12:20:21', '$2y$10$92IXUNpkjO0rOQ5byMi.Ye4oKoEa3Ro9llC/.og/at2.uheWG/igi', '7IFkAGUjXC', '2022-11-06 11:25:55', '2022-11-06 11:25:55', 1, 'images/user.png', 20, 'male'),
(103, 'Ubaldo Wehner', 'trent.krajcik@example.net', '2022-11-12 12:20:21', '$2y$10$92IXUNpkjO0rOQ5byMi.Ye4oKoEa3Ro9llC/.og/at2.uheWG/igi', '82V0KEqJYD', '2022-11-06 11:25:55', '2022-11-06 11:25:55', 1, 'images/user.png', 24, 'male'),
(104, 'Edmond Hagenes Jr.', 'koch.orland@example.org', '2022-11-12 12:20:21', '$2y$10$92IXUNpkjO0rOQ5byMi.Ye4oKoEa3Ro9llC/.og/at2.uheWG/igi', 'nHtqYrrhNh', '2022-11-06 11:25:55', '2022-11-06 11:25:55', 1, 'images/user.png', 36, 'female'),
(105, 'Ms. Kaitlyn Kertzmann', 'dasia.olson@example.net', '2022-11-12 12:20:21', '$2y$10$92IXUNpkjO0rOQ5byMi.Ye4oKoEa3Ro9llC/.og/at2.uheWG/igi', 'lmEbIUunWX', '2022-11-06 11:25:55', '2022-11-06 11:25:55', 1, 'images/user.png', 25, 'female'),
(106, 'Prof. Cristopher Upton', 'angelo.balistreri@example.org', '2022-11-12 12:20:21', '$2y$10$92IXUNpkjO0rOQ5byMi.Ye4oKoEa3Ro9llC/.og/at2.uheWG/igi', 'xwAve7Z4tB', '2022-11-06 11:25:55', '2022-11-06 11:25:55', 1, 'images/user.png', 21, 'male'),
(107, 'Magdalena Morissette', 'dallin.jones@example.org', '2022-11-12 12:20:21', '$2y$10$92IXUNpkjO0rOQ5byMi.Ye4oKoEa3Ro9llC/.og/at2.uheWG/igi', 'f0Pw3gPGih', '2022-11-06 11:25:55', '2022-11-06 11:25:55', 1, 'images/user.png', 38, 'male'),
(108, 'Columbus Reichert', 'pstreich@example.com', '2022-11-12 12:20:21', '$2y$10$92IXUNpkjO0rOQ5byMi.Ye4oKoEa3Ro9llC/.og/at2.uheWG/igi', 'KXoN9H95G0', '2022-11-06 11:25:55', '2022-11-06 11:25:55', 1, 'images/user.png', 26, 'male'),
(109, 'Mrs. Rowena Grady III', 'feest.elizabeth@example.net', '2022-11-12 12:20:21', '$2y$10$92IXUNpkjO0rOQ5byMi.Ye4oKoEa3Ro9llC/.og/at2.uheWG/igi', '1IYowhi0oW', '2022-11-06 11:25:55', '2022-11-06 11:25:55', 1, 'images/user.png', 23, 'male'),
(110, 'Miss Fay Dach DDS', 'bdamore@example.com', '2022-11-12 12:20:21', '$2y$10$92IXUNpkjO0rOQ5byMi.Ye4oKoEa3Ro9llC/.og/at2.uheWG/igi', 'N6Z5HQ194M', '2022-11-06 11:25:55', '2022-11-06 11:25:55', 1, 'images/user.png', 21, 'male'),
(111, 'Dr. Elisa Ernser', 'corine.kilback@example.com', '2022-11-12 12:20:21', '$2y$10$92IXUNpkjO0rOQ5byMi.Ye4oKoEa3Ro9llC/.og/at2.uheWG/igi', 'WsXmSsE336', '2022-11-06 11:25:55', '2022-11-06 11:25:55', 1, 'images/user.png', 26, 'female'),
(112, 'Chaim Yundt', 'carter.katherine@example.org', '2022-11-12 12:20:21', '$2y$10$92IXUNpkjO0rOQ5byMi.Ye4oKoEa3Ro9llC/.og/at2.uheWG/igi', 'NTC2UIo98h', '2022-11-06 11:25:55', '2022-11-06 11:25:55', 1, 'images/user.png', 25, 'male'),
(113, 'Ted Wisozk', 'jaime.mosciski@example.net', '2022-11-12 12:20:21', '$2y$10$92IXUNpkjO0rOQ5byMi.Ye4oKoEa3Ro9llC/.og/at2.uheWG/igi', 'MyQn2yGnRV', '2022-11-06 11:25:55', '2022-11-06 11:25:55', 1, 'images/user.png', 22, 'female'),
(114, 'Prof. Karen Spencer III', 'von.reilly@example.com', '2022-11-12 12:20:21', '$2y$10$92IXUNpkjO0rOQ5byMi.Ye4oKoEa3Ro9llC/.og/at2.uheWG/igi', 'cPptJHaM2S', '2022-11-06 11:25:55', '2022-11-06 11:25:55', 1, 'images/user.png', 34, 'female'),
(115, 'Myra Rolfson', 'ccassin@example.com', '2022-11-12 12:20:21', '$2y$10$92IXUNpkjO0rOQ5byMi.Ye4oKoEa3Ro9llC/.og/at2.uheWG/igi', 'Yvu7ZgsCh6', '2022-11-06 11:25:55', '2022-11-06 11:25:55', 1, 'images/user.png', 40, 'male'),
(116, 'Dulce Koss MD', 'sherman.stoltenberg@example.org', '2022-11-12 12:20:21', '$2y$10$92IXUNpkjO0rOQ5byMi.Ye4oKoEa3Ro9llC/.og/at2.uheWG/igi', 'EFQnf1gege', '2022-11-06 11:25:55', '2022-11-06 11:25:55', 1, 'images/user.png', 38, 'female'),
(117, 'Mrs. Bridie Ortiz', 'xbarrows@example.org', '2022-11-12 12:20:21', '$2y$10$92IXUNpkjO0rOQ5byMi.Ye4oKoEa3Ro9llC/.og/at2.uheWG/igi', 'Ntx3wozjQa', '2022-11-06 11:25:55', '2022-11-06 11:25:55', 1, 'images/user.png', 31, 'female'),
(118, 'Schuyler Watsica', 'magnus00@example.org', '2022-11-12 12:20:21', '$2y$10$92IXUNpkjO0rOQ5byMi.Ye4oKoEa3Ro9llC/.og/at2.uheWG/igi', 'DiHb8DXgOn', '2022-11-06 11:25:55', '2022-11-06 11:25:55', 1, 'images/user.png', 26, 'male'),
(119, 'Danial Considine', 'edwin83@example.org', '2022-11-12 12:20:21', '$2y$10$92IXUNpkjO0rOQ5byMi.Ye4oKoEa3Ro9llC/.og/at2.uheWG/igi', 'lcqLPzbGMH', '2022-11-06 11:25:55', '2022-11-06 11:25:55', 1, 'images/user.png', 32, 'male'),
(120, 'Miss Mariela Stroman', 'brath@example.com', '2022-11-12 12:20:21', '$2y$10$92IXUNpkjO0rOQ5byMi.Ye4oKoEa3Ro9llC/.og/at2.uheWG/igi', 'rpyCYrxOiV', '2022-11-06 11:25:55', '2022-11-06 11:25:55', 1, 'images/user.png', 24, 'female'),
(121, 'Leone Jerde', 'ara.west@example.net', '2022-11-12 12:20:21', '$2y$10$92IXUNpkjO0rOQ5byMi.Ye4oKoEa3Ro9llC/.og/at2.uheWG/igi', 'n7RGTOh42v', '2022-11-06 11:25:55', '2022-11-06 11:25:55', 1, 'images/user.png', 31, 'female'),
(122, 'Jean Bayer', 'heller.myrtie@example.org', '2022-11-12 12:20:21', '$2y$10$92IXUNpkjO0rOQ5byMi.Ye4oKoEa3Ro9llC/.og/at2.uheWG/igi', '11durPH06G', '2022-11-06 11:25:55', '2022-11-06 11:25:55', 1, 'images/user.png', 30, 'male'),
(123, 'Mr. Barton Simonis Jr.', 'edythe57@example.net', '2022-11-12 12:20:21', '$2y$10$92IXUNpkjO0rOQ5byMi.Ye4oKoEa3Ro9llC/.og/at2.uheWG/igi', 'mOZlOa1bhT', '2022-11-06 11:25:55', '2022-11-06 11:25:55', 1, 'images/user.png', 34, 'male'),
(124, 'Yesenia Kuvalis', 'stephen00@example.net', '2022-11-12 12:20:21', '$2y$10$92IXUNpkjO0rOQ5byMi.Ye4oKoEa3Ro9llC/.og/at2.uheWG/igi', 'MMoIZKu7MZ', '2022-11-06 11:25:55', '2022-11-06 11:25:55', 1, 'images/user.png', 27, 'female'),
(125, 'Nia Simonis', 'emayert@example.org', '2022-11-12 12:20:21', '$2y$10$92IXUNpkjO0rOQ5byMi.Ye4oKoEa3Ro9llC/.og/at2.uheWG/igi', 'Z0anA9PHtp', '2022-11-06 11:25:55', '2022-11-06 11:25:55', 1, 'images/user.png', 24, 'male'),
(126, 'Elias Schuster', 'borer.sheldon@example.com', '2022-11-12 12:20:21', '$2y$10$92IXUNpkjO0rOQ5byMi.Ye4oKoEa3Ro9llC/.og/at2.uheWG/igi', 'CXPyJNNxtj', '2022-11-06 11:25:55', '2022-11-06 11:25:55', 1, 'images/user.png', 28, 'female'),
(127, 'Johan Marks', 'swift.katlyn@example.com', '2022-11-12 12:20:21', '$2y$10$92IXUNpkjO0rOQ5byMi.Ye4oKoEa3Ro9llC/.og/at2.uheWG/igi', 'F5aZaFN2jU', '2022-11-06 11:25:55', '2022-11-06 11:25:55', 1, 'images/user.png', 26, 'male'),
(128, 'Rhiannon Ankunding III', 'cindy99@example.org', '2022-11-12 12:20:21', '$2y$10$92IXUNpkjO0rOQ5byMi.Ye4oKoEa3Ro9llC/.og/at2.uheWG/igi', 'lMYFmMpJZj', '2022-11-06 11:25:55', '2022-11-06 11:25:55', 1, 'images/user.png', 32, 'female'),
(129, 'Bud Sporer', 'mollie13@example.net', '2022-11-12 12:20:21', '$2y$10$92IXUNpkjO0rOQ5byMi.Ye4oKoEa3Ro9llC/.og/at2.uheWG/igi', '4WT7W9GUR5', '2022-11-06 11:25:55', '2022-11-06 11:25:55', 1, 'images/user.png', 31, 'male'),
(130, 'Clarabelle Mueller', 'alexanne44@example.com', '2022-11-12 12:20:21', '$2y$10$92IXUNpkjO0rOQ5byMi.Ye4oKoEa3Ro9llC/.og/at2.uheWG/igi', 'IzWP3u0OzE', '2022-11-06 11:25:55', '2022-11-06 11:25:55', 1, 'images/user.png', 27, 'male'),
(131, 'Ms. Jolie Schumm', 'denis.miller@example.com', '2022-11-12 12:20:21', '$2y$10$92IXUNpkjO0rOQ5byMi.Ye4oKoEa3Ro9llC/.og/at2.uheWG/igi', 'zAJ2QmOYb4', '2022-11-06 11:25:55', '2022-11-06 11:25:55', 1, 'images/user.png', 28, 'male'),
(132, 'Elody Bernier', 'yschmidt@example.net', '2022-11-12 12:20:21', '$2y$10$92IXUNpkjO0rOQ5byMi.Ye4oKoEa3Ro9llC/.og/at2.uheWG/igi', 'ihhYRKlfPW', '2022-11-06 11:25:55', '2022-11-06 11:25:55', 1, 'images/user.png', 23, 'female'),
(133, 'Shanel O\'Reilly', 'finn.rogahn@example.net', '2022-11-12 12:20:21', '$2y$10$92IXUNpkjO0rOQ5byMi.Ye4oKoEa3Ro9llC/.og/at2.uheWG/igi', 'R1pabUfATT', '2022-11-06 11:25:55', '2022-11-06 11:25:55', 1, 'images/user.png', 29, 'male'),
(134, 'Earl Johns', 'walsh.rosalia@example.org', '2022-11-12 12:20:21', '$2y$10$92IXUNpkjO0rOQ5byMi.Ye4oKoEa3Ro9llC/.og/at2.uheWG/igi', 'tch4thQahr', '2022-11-06 11:25:55', '2022-11-06 11:25:55', 1, 'images/user.png', 24, 'female'),
(135, 'Gabrielle Emard', 'powlowski.brock@example.com', '2022-11-12 12:20:21', '$2y$10$92IXUNpkjO0rOQ5byMi.Ye4oKoEa3Ro9llC/.og/at2.uheWG/igi', 'VIaMfL0PB9', '2022-11-06 11:25:55', '2022-11-06 11:25:55', 1, 'images/user.png', 25, 'male'),
(136, 'Max Rolfson', 'adolphus.predovic@example.org', '2022-11-12 12:20:21', '$2y$10$92IXUNpkjO0rOQ5byMi.Ye4oKoEa3Ro9llC/.og/at2.uheWG/igi', 'I5FY4jyR2q', '2022-11-06 11:25:55', '2022-11-06 11:25:55', 1, 'images/user.png', 29, 'female'),
(137, 'Katelyn Feeney', 'loyce26@example.org', '2022-11-12 12:20:21', '$2y$10$92IXUNpkjO0rOQ5byMi.Ye4oKoEa3Ro9llC/.og/at2.uheWG/igi', 'kE0LpI1bCS', '2022-11-06 11:25:55', '2022-11-06 11:25:55', 1, 'images/user.png', 40, 'female'),
(138, 'Kaylin Kautzer', 'hkoss@example.com', '2022-11-12 12:20:21', '$2y$10$92IXUNpkjO0rOQ5byMi.Ye4oKoEa3Ro9llC/.og/at2.uheWG/igi', 'CSnWVw0C7P', '2022-11-06 11:25:55', '2022-11-06 11:25:55', 1, 'images/user.png', 31, 'male'),
(139, 'Ian Gutkowski', 'assunta40@example.net', '2022-11-12 12:20:21', '$2y$10$92IXUNpkjO0rOQ5byMi.Ye4oKoEa3Ro9llC/.og/at2.uheWG/igi', '4RAbaq6Inb', '2022-11-06 11:25:55', '2022-11-06 11:25:55', 1, 'images/user.png', 37, 'female'),
(140, 'Dr. Hattie Kertzmann II', 'eugenia00@example.org', '2022-11-12 12:20:21', '$2y$10$92IXUNpkjO0rOQ5byMi.Ye4oKoEa3Ro9llC/.og/at2.uheWG/igi', 'RI1mwoqs2c', '2022-11-06 11:25:55', '2022-11-06 11:25:55', 1, 'images/user.png', 26, 'male'),
(141, 'Kyle Brown', 'ruth77@example.org', '2022-11-12 12:20:21', '$2y$10$92IXUNpkjO0rOQ5byMi.Ye4oKoEa3Ro9llC/.og/at2.uheWG/igi', 'DRY6A6rAi6', '2022-11-06 11:25:55', '2022-11-06 11:25:55', 1, 'images/user.png', 34, 'male'),
(142, 'Prince Grady', 'hilpert.matilde@example.com', '2022-11-12 12:20:21', '$2y$10$92IXUNpkjO0rOQ5byMi.Ye4oKoEa3Ro9llC/.og/at2.uheWG/igi', 'X2yB8hqCoB', '2022-11-06 11:25:55', '2022-11-06 11:25:55', 1, 'images/user.png', 27, 'male'),
(143, 'Kendrick Kessler', 'savanna.walsh@example.org', '2022-11-12 12:20:21', '$2y$10$92IXUNpkjO0rOQ5byMi.Ye4oKoEa3Ro9llC/.og/at2.uheWG/igi', 't8abvTdXUS', '2022-11-06 11:25:55', '2022-11-06 11:25:55', 1, 'images/user.png', 27, 'male'),
(144, 'Roxanne Littel', 'kprice@example.com', '2022-11-12 12:20:21', '$2y$10$92IXUNpkjO0rOQ5byMi.Ye4oKoEa3Ro9llC/.og/at2.uheWG/igi', '0LY7JFb6Mv', '2022-11-06 11:25:55', '2022-11-06 11:25:55', 1, 'images/user.png', 40, 'female'),
(145, 'Dr. Gussie Mann', 'white.kathryne@example.net', '2022-11-12 12:20:21', '$2y$10$92IXUNpkjO0rOQ5byMi.Ye4oKoEa3Ro9llC/.og/at2.uheWG/igi', '8PUBTynTO3', '2022-11-06 11:25:55', '2022-11-06 11:25:55', 1, 'images/user.png', 29, 'male'),
(146, 'Trent Kuhic', 'hahn.elisha@example.com', '2022-11-12 12:20:21', '$2y$10$92IXUNpkjO0rOQ5byMi.Ye4oKoEa3Ro9llC/.og/at2.uheWG/igi', 'Zhc9POcfWn', '2022-11-06 11:25:55', '2022-11-06 11:25:55', 1, 'images/user.png', 35, 'male'),
(147, 'Summer Predovic', 'kuvalis.jaquelin@example.net', '2022-11-12 12:20:21', '$2y$10$92IXUNpkjO0rOQ5byMi.Ye4oKoEa3Ro9llC/.og/at2.uheWG/igi', 'PODWaHayFq', '2022-11-06 11:25:55', '2022-11-06 11:25:55', 1, 'images/user.png', 36, 'male'),
(148, 'Deven Macejkovic', 'vesta80@example.net', '2022-11-12 12:20:21', '$2y$10$92IXUNpkjO0rOQ5byMi.Ye4oKoEa3Ro9llC/.og/at2.uheWG/igi', 'pVqNDVssMb', '2022-11-06 11:25:55', '2022-11-06 11:25:55', 1, 'images/user.png', 28, 'female'),
(149, 'Mr. Luis Wunsch', 'corbin.kunze@example.org', '2022-11-12 12:20:21', '$2y$10$92IXUNpkjO0rOQ5byMi.Ye4oKoEa3Ro9llC/.og/at2.uheWG/igi', 'vMbZxuGyoc', '2022-11-06 11:25:55', '2022-11-06 11:25:55', 1, 'images/user.png', 39, 'male'),
(150, 'Prof. Leola Hermann', 'austin.johnson@example.com', '2022-11-12 12:20:21', '$2y$10$92IXUNpkjO0rOQ5byMi.Ye4oKoEa3Ro9llC/.og/at2.uheWG/igi', 'rrv5LWojJr', '2022-11-06 11:25:55', '2022-11-06 11:25:55', 1, 'images/user.png', 26, 'male'),
(151, 'Edward Lebsack', 'kenneth14@example.org', '2022-11-12 12:20:21', '$2y$10$92IXUNpkjO0rOQ5byMi.Ye4oKoEa3Ro9llC/.og/at2.uheWG/igi', 'zH1FDaxQMH', '2022-11-06 11:25:55', '2022-11-06 11:25:55', 1, 'images/user.png', 34, 'male'),
(152, 'Prof. Mariano Batz MD', 'kaycee97@example.net', '2022-11-12 12:20:21', '$2y$10$92IXUNpkjO0rOQ5byMi.Ye4oKoEa3Ro9llC/.og/at2.uheWG/igi', 'QndjIt41AT', '2022-11-06 11:25:55', '2022-11-06 11:25:55', 1, 'images/user.png', 26, 'male'),
(153, 'Shawn Gaylord Sr.', 'tmorissette@example.net', '2022-11-12 12:20:21', '$2y$10$92IXUNpkjO0rOQ5byMi.Ye4oKoEa3Ro9llC/.og/at2.uheWG/igi', '8tHjsEHcYz', '2022-11-06 11:25:55', '2022-11-06 11:25:55', 1, 'images/user.png', 32, 'female'),
(154, 'Prof. Theresa Reilly', 'gbailey@example.net', '2022-11-12 12:20:21', '$2y$10$92IXUNpkjO0rOQ5byMi.Ye4oKoEa3Ro9llC/.og/at2.uheWG/igi', 'HzW7rg3ms0', '2022-11-06 11:25:55', '2022-11-06 11:25:55', 1, 'images/user.png', 38, 'female'),
(155, 'Brody Hills', 'mylene.parisian@example.net', '2022-11-12 12:20:21', '$2y$10$92IXUNpkjO0rOQ5byMi.Ye4oKoEa3Ro9llC/.og/at2.uheWG/igi', '2jU2Wcj73t', '2022-11-06 11:25:55', '2022-11-06 11:25:55', 1, 'images/user.png', 38, 'male'),
(156, 'Casimir Kemmer', 'mireya.dach@example.org', '2022-11-12 12:20:21', '$2y$10$92IXUNpkjO0rOQ5byMi.Ye4oKoEa3Ro9llC/.og/at2.uheWG/igi', 'obGYDkdnnp', '2022-11-06 11:25:55', '2022-11-06 11:25:55', 1, 'images/user.png', 29, 'female');

--
-- Индексы сохранённых таблиц
--

--
-- Индексы таблицы `categories`
--
ALTER TABLE `categories`
  ADD PRIMARY KEY (`id`);

--
-- Индексы таблицы `comments`
--
ALTER TABLE `comments`
  ADD PRIMARY KEY (`id`),
  ADD KEY `comments_user_id_index` (`user_id`),
  ADD KEY `comments_post_id_index` (`post_id`);

--
-- Индексы таблицы `failed_jobs`
--
ALTER TABLE `failed_jobs`
  ADD PRIMARY KEY (`id`),
  ADD UNIQUE KEY `failed_jobs_uuid_unique` (`uuid`);

--
-- Индексы таблицы `likes`
--
ALTER TABLE `likes`
  ADD PRIMARY KEY (`id`),
  ADD KEY `likes_user_id_index` (`user_id`),
  ADD KEY `likes_post_id_index` (`post_id`);

--
-- Индексы таблицы `migrations`
--
ALTER TABLE `migrations`
  ADD PRIMARY KEY (`id`);

--
-- Индексы таблицы `password_resets`
--
ALTER TABLE `password_resets`
  ADD KEY `password_resets_email_index` (`email`);

--
-- Индексы таблицы `personal_access_tokens`
--
ALTER TABLE `personal_access_tokens`
  ADD PRIMARY KEY (`id`),
  ADD UNIQUE KEY `personal_access_tokens_token_unique` (`token`),
  ADD KEY `personal_access_tokens_tokenable_type_tokenable_id_index` (`tokenable_type`,`tokenable_id`);

--
-- Индексы таблицы `posts`
--
ALTER TABLE `posts`
  ADD PRIMARY KEY (`id`),
  ADD KEY `posts_user_id_index` (`user_id`),
  ADD KEY `posts_category_id_index` (`category_id`);

--
-- Индексы таблицы `post_tags`
--
ALTER TABLE `post_tags`
  ADD PRIMARY KEY (`id`),
  ADD KEY `post_tags_post_id_index` (`post_id`),
  ADD KEY `post_tags_tag_id_index` (`tag_id`);

--
-- Индексы таблицы `roles`
--
ALTER TABLE `roles`
  ADD PRIMARY KEY (`id`);

--
-- Индексы таблицы `subscriptions`
--
ALTER TABLE `subscriptions`
  ADD PRIMARY KEY (`id`),
  ADD KEY `subscriptions_user_id_index` (`user_id`),
  ADD KEY `subscriptions_friend_id_index` (`friend_id`);

--
-- Индексы таблицы `tags`
--
ALTER TABLE `tags`
  ADD PRIMARY KEY (`id`);

--
-- Индексы таблицы `users`
--
ALTER TABLE `users`
  ADD PRIMARY KEY (`id`),
  ADD UNIQUE KEY `users_email_unique` (`email`),
  ADD KEY `users_role_id_foreign` (`role_id`);

--
-- AUTO_INCREMENT для сохранённых таблиц
--

--
-- AUTO_INCREMENT для таблицы `categories`
--
ALTER TABLE `categories`
  MODIFY `id` bigint UNSIGNED NOT NULL AUTO_INCREMENT, AUTO_INCREMENT=6;

--
-- AUTO_INCREMENT для таблицы `comments`
--
ALTER TABLE `comments`
  MODIFY `id` bigint UNSIGNED NOT NULL AUTO_INCREMENT, AUTO_INCREMENT=626;

--
-- AUTO_INCREMENT для таблицы `failed_jobs`
--
ALTER TABLE `failed_jobs`
  MODIFY `id` bigint UNSIGNED NOT NULL AUTO_INCREMENT;

--
-- AUTO_INCREMENT для таблицы `likes`
--
ALTER TABLE `likes`
  MODIFY `id` bigint UNSIGNED NOT NULL AUTO_INCREMENT, AUTO_INCREMENT=1180;

--
-- AUTO_INCREMENT для таблицы `migrations`
--
ALTER TABLE `migrations`
  MODIFY `id` int UNSIGNED NOT NULL AUTO_INCREMENT, AUTO_INCREMENT=33;

--
-- AUTO_INCREMENT для таблицы `personal_access_tokens`
--
ALTER TABLE `personal_access_tokens`
  MODIFY `id` bigint UNSIGNED NOT NULL AUTO_INCREMENT;

--
-- AUTO_INCREMENT для таблицы `posts`
--
ALTER TABLE `posts`
  MODIFY `id` bigint UNSIGNED NOT NULL AUTO_INCREMENT, AUTO_INCREMENT=132;

--
-- AUTO_INCREMENT для таблицы `post_tags`
--
ALTER TABLE `post_tags`
  MODIFY `id` bigint UNSIGNED NOT NULL AUTO_INCREMENT, AUTO_INCREMENT=361;

--
-- AUTO_INCREMENT для таблицы `roles`
--
ALTER TABLE `roles`
  MODIFY `id` bigint UNSIGNED NOT NULL AUTO_INCREMENT, AUTO_INCREMENT=4;

--
-- AUTO_INCREMENT для таблицы `subscriptions`
--
ALTER TABLE `subscriptions`
  MODIFY `id` bigint UNSIGNED NOT NULL AUTO_INCREMENT, AUTO_INCREMENT=132;

--
-- AUTO_INCREMENT для таблицы `tags`
--
ALTER TABLE `tags`
  MODIFY `id` bigint UNSIGNED NOT NULL AUTO_INCREMENT, AUTO_INCREMENT=7;

--
-- AUTO_INCREMENT для таблицы `users`
--
ALTER TABLE `users`
  MODIFY `id` bigint UNSIGNED NOT NULL AUTO_INCREMENT, AUTO_INCREMENT=157;

--
-- Ограничения внешнего ключа сохраненных таблиц
--

--
-- Ограничения внешнего ключа таблицы `comments`
--
ALTER TABLE `comments`
  ADD CONSTRAINT `comments_post_id_foreign` FOREIGN KEY (`post_id`) REFERENCES `posts` (`id`),
  ADD CONSTRAINT `comments_user_id_foreign` FOREIGN KEY (`user_id`) REFERENCES `users` (`id`);

--
-- Ограничения внешнего ключа таблицы `likes`
--
ALTER TABLE `likes`
  ADD CONSTRAINT `likes_post_id_foreign` FOREIGN KEY (`post_id`) REFERENCES `posts` (`id`),
  ADD CONSTRAINT `likes_user_id_foreign` FOREIGN KEY (`user_id`) REFERENCES `users` (`id`);

--
-- Ограничения внешнего ключа таблицы `posts`
--
ALTER TABLE `posts`
  ADD CONSTRAINT `posts_category_id_foreign` FOREIGN KEY (`category_id`) REFERENCES `categories` (`id`),
  ADD CONSTRAINT `posts_user_id_foreign` FOREIGN KEY (`user_id`) REFERENCES `users` (`id`);

--
-- Ограничения внешнего ключа таблицы `post_tags`
--
ALTER TABLE `post_tags`
  ADD CONSTRAINT `post_tags_post_id_foreign` FOREIGN KEY (`post_id`) REFERENCES `posts` (`id`),
  ADD CONSTRAINT `post_tags_tag_id_foreign` FOREIGN KEY (`tag_id`) REFERENCES `tags` (`id`);

--
-- Ограничения внешнего ключа таблицы `subscriptions`
--
ALTER TABLE `subscriptions`
  ADD CONSTRAINT `subscriptions_friend_id_foreign` FOREIGN KEY (`friend_id`) REFERENCES `users` (`id`),
  ADD CONSTRAINT `subscriptions_user_id_foreign` FOREIGN KEY (`user_id`) REFERENCES `users` (`id`);

--
-- Ограничения внешнего ключа таблицы `users`
--
ALTER TABLE `users`
  ADD CONSTRAINT `users_role_id_foreign` FOREIGN KEY (`role_id`) REFERENCES `roles` (`id`);
COMMIT;

/*!40101 SET CHARACTER_SET_CLIENT=@OLD_CHARACTER_SET_CLIENT */;
/*!40101 SET CHARACTER_SET_RESULTS=@OLD_CHARACTER_SET_RESULTS */;
/*!40101 SET COLLATION_CONNECTION=@OLD_COLLATION_CONNECTION */;
